LEA,SHNSCHCOD,SHNSCHNAME,SHNUNIQUE
AH,001,"ADDAMS ELEM",20017810
AH,002,"AYNESWORTH ELEM",20017812
AH,003,"BAIRD ELEM",20017814
AH,004,"BIRNEY ELEM",20017816
AH,005,"BULLARD PROJ TALENT K-8",20017818
AH,006,"BURROUGHS ELEM",20017820
AH,007,"CALWA ELEM",20017822
AH,008,"CARVER K-8",20017824
AH,009,"CENTENNIAL ELEM",20017826
AH,010,"COLUMBIA ELEM",20017828
AH,011,"DAILEY ELEM K-4",20017830
AH,012,"DAILEY/HECKMAN ANNEX",20017832
AH,013,"DEL MAR ELEM",20017834
AH,014,"EASTERBY ELEM",20017836
AH,015,"STARR ELEM",20017838
AH,016,"ERICSON ELEM",20017840
AH,017,"EWING ELEM",20017842
AH,018,"FORKNER ELEM",20017844
AH,019,"FREMONT ELEM",20017846
AH,020,"GIBSON ELEM",20017848
AH,021,"HEATON ELEM",20017850
AH,022,"HOLLAND ELEM",20017852
AH,023,"HOMAN ELEM",20017854
AH,024,"JACKSON ELEM",20017856
AH,025,"JEFFERSON ELEM",20017858
AH,026,"KIRK ELEM",20017860
AH,027,"LAWLESS K-8",20017862
AH,028,"LANE ELEM",20017864
AH,029,"LINCOLN ELEM",20017866
AH,030,"LOWELL ELEM",20017868
AH,031,"MANCHESTER GATE ELEM",20017870
AH,032,"MAYFAIR ELEM",20017872
AH,033,"MUIR ELEM",20017874
AH,034,"NORSEMAN ELEM",20017876
AH,035,"POWERS ELEM",20017878
AH,036,"PYLE ELEM",20017880
AH,037,"ROEDING ELEM",20017882
AH,038,"ROWELL ELEM",20017884
AH,039,"SCANDINAVIAN CHILD CTR",20017886
AH,040,"GINSBURG SCH",20017888
AH,041,"THOMAS ELEM",20017890
AH,042,"TURNER ELEM",20017892
AH,043,"VIKING ELEM",20017894
AH,044,"VINLAND ELEM",20017896
AH,045,"WEBSTER ELEM",20017898
AH,046,"WILSON ELEM",20017900
AH,047,"WINCHELL ELEM",20017902
AH,048,"WISHON ELEM",20017904
AH,049,"WOLTERS ELEM",20017906
AH,050,"MALLOCH ELEM",20017908
AH,051,"ROBINSON ELEM",20017910
AH,052,"FIGARDEN SCH",20017912
AH,053,"KRATT ELEM",20017914
AH,054,"BURROUGHS ANNEX",20017916
AH,055,"AYER ELEM",20017918
AH,056,"EATON ELEM",20017920
AH,057,"KING ELEM",20017922
AH,058,"MCCARLE ELEM",20017924
AH,059,"SLATER ELEM",20017926
AH,060,"BALDERAS ELEM",20017928
AH,061,"BETHUNE ELEM CHARTER",20017930
AH,062,"SUNSET ELEM",20017932
AH,063,"LEAVENWORTH ELEM",20017934
AH,064,"STOREY ELEM",20017936
AH,065,"ANTHONY ELEM",20017938
AH,066,"HIDALGO ELEM",20017940
AH,067,"KISLING ELEM",20017942
AH,068,"GREENBURG ELEM",20017944
AH,069,"PYLE ELEM DAY",20017946
AH,070,"COOPER MIDDLE",20017948
AH,071,"FORT MILLER MIDDLE",20017950
AH,072,"HAMILTON MIDDLE",20017952
AH,073,EDISON/COMPUTECH,20017954
AH,074,"KINGS CANYON MIDDLE",20017956
AH,075,"SCANDINAVIAN MIDDLE",20017958
AH,076,"SEQUOIA MIDDLE",20017960
AH,077,"DUNCAN POLYTECH HIGH",20017962
AH,078,"BULLARD MIDDLE",20017964
AH,079,"WAWONA MIDDLE",20017966
AH,080,"YOSEMITE MIDDLE",20017968
AH,081,"TENAYA MIDDLE",20017970
AH,082,"TIOGA MIDDLE",20017972
AH,083,"AHWAHNEE MIDDLE",20017974
AH,084,"TEHIPITE MIDDLE",20017976
AH,085,"KISLING SCH (7-12)",20017978
AH,086,LAWLESS,20017980
AH,087,"INDEPENDENT STUDY",20017982
AH,088,"CAMBRIDGE HIGH",20017984
AH,089,"MCLANE CONTIN",20017986
AH,090,"BULLARD HIGH",20017988
AH,091,"EDISON HIGH",20017990
AH,092,"FRESNO HIGH",20017992
AH,093,"MCLANE HIGH",20017994
AH,094,"ROOSEVELT HIGH",20017996
AH,095,"HOOVER HIGH",20017998
AH,096,"FRESNO CONTIN",20018000
AH,097,"BULLARD CONTIN",20018002
AH,098,"FRESNO ADULT ED",20018004
AH,099,"DEWOLF HIGH",20018006
AH,100,"DEWOLF OPPORTUNITY",20018008
AH,101,"CARVER MIDDLE",20018010
AH,102,"SEQUOIA IND STUDY",20018012
AH,103,"BULLARD IND STUDY",20018014
AH,104,"FULTON SCHOOL",20018016
AH,105,"EDISON IND STUDY",20018018
AH,106,"FRESNO IND STUDY",20018020
AH,107,"MCLANE IND STUDY",20018022
AH,108,"ROOSEVELT IND STUDY",20018024
AH,110,"HOOVER IND STUDY",20018026
AH,111,"SCANDINAVIAN IND STUDY",20018028
AH,112,"SUNNYSIDE HIGH",20018030
AH,113,"NEWCOMERS (HAMILTON)",20018032
AH,114,"KONKEL SCH",20018034
AH,115,"BAIRD MIDDLE",20018036
AH,116,"ROOSEVELT SOUTH/EARTH",20018038
AH,117,"TEHIPITE IND STUDY",20018040
AH,118,"TEMP HIGH SCH",20018042
AH,119,"DEWOLF P.A.L.",20018044
AH,120,"DEWOLF WEST HIGH",20018046
AH,121,"ROOSEVELT CONTIN",20018048
AH,122,"WAWONA IND STUDY",20018050
AH,123,"SOUTHEAST MIDDLE",20018052
AH,124,"RESTART IND STUDY TCW ELEM",20018054
AH,125,"FT. MILLER IND STUDY",20018056
AH,126,"YOSEMITE IND STUDY",20018058
AH,127,"WISHON DIAGNOSTIC",20018060
AH,128,"DEWOLF SCHOOL AGE",20018062
AH,129,"HOOVER SCHOOL AGE",20018064
AH,130,"ROOSEVELT SCHOOL AGE",20018066
AH,131,"FRESNO SCHOOL AGE",20018068
AH,132,"EDISON SCHOOL AGE",20018070
AH,133,"HEATON CHILD CARE",20018072
AH,134,"SCAN CHILD CARE",20018074
AH,135,"WEBSTER CHILD CARE",20018076
AH,136,"KING CHILD CARE",20018078
AH,137,RAMACHER,20018080
AH,138,COOK,20018082
AH,139,ADDICOTT,20018084
AH,140,RATA,20018086
AH,141,"ADOLESCENT DAY CARE",20018088
AH,142,"PROJECT PRIDE (SOUL)",20018090
AH,143,"DUNCAN SCHOOL AGE",20018092
AH,145,"COOPER IND STUDY",20018094
AH,146,"KINGS CANYON IND STUDY",20018096
AH,155,"NORSEMAN INTERSESSION",20018098
AH,209,"SPECIAL EDUC DEPT",20018100
AH,211,"HEALTH SERVICES",20018102
AH,245,"RESTART IND STUDY PROG",20018104
AH,291,"LORI ANN INFANT CENTER",20018106
AH,298,"ADULT ED-PROPOSED SITES",20018108
AH,456,"TED C WILLS (AREA II)",20018110
AH,733,"KINGS CANYON UNIFIED",20018112
AH,ARI,"HEADSTART AREA I",20018114
AH,ARII,"HEADSTART AREA II",20018116
AH,ARIII,"HEADSTART AREA III",20018118
AH,ASH,"ASHLAN HEADSTART",20018120
AH,CLFI,"CHARTER ONE 2 ONE",20018122
AH,COC,"COLLEGE COMMUNITY HEADSTART",20018124
AH,CYS,"COMP. YOUTH SERVICES",20018126
AH,FPU,"FRESNO PACIFIC UNIVERSITY",20018128
AH,FRA,"FRANKLIN HEADSTART",20018130
AH,FRE,"FREMONT HEADSTART",20018132
AH,FSC,VIKING,20018134
AH,FUN,"FUNSTON HEADSTART",20018136
AH,GAW,"GARDEN WAY HEADSTART",20018138
AH,KCN,"KINGS CANYON HEADSTART",20018140
AH,MAV,"MAPLE VISTA HEALTHY START",20018142
AH,MIL,"MILLBROOK HEALTHY START",20018144
AH,MOS,"MOSQUEDA HEALTHY START",20018146
AH,OS,"ON-SITE COUNSELING",20018148
AH,ROM,"ROMAIN HEALTHY START",20018150
AH,WES,"WESLEY HEADSTART",20018152
AH,YACA,"YALE/CAMBRIDGE HEADSTART",20018154
AH,YOS,"YOSEMITE HEADSTART",20018156
AM,CPM,"CAMPBELL MIDDLE",20017392
AM,LAS,"LAS ANIMAS",20017486
AM,LEM,"LEYVA MIDDLE",20017496
AM,RSE,ROSE,20017584
AM,UNK,"UNIDENTIFIED SITE",20017632
AN,927,"UNIDENTIFIED SITE",20020858
AS,12345,"TEST ELEMENTARY",20015758
AS,400,SFUSD,20015760
AS,401,"ELEMENTARY SCHOOLS",20015762
AS,402,"MIDDLE SCHOOLS",20015764
AS,403,"HIGH SCHOOLS",20015766
AS,404,"GIANNINI MIDDLE",20015768
AS,405,"LINCOLN HIGH",20015770
AS,407,"AFTER SIX HS (NIGHT/SAT)",20015772
AS,413,"ALAMO ELEM",20015774
AS,420,"ALVARADO ELEM",20015776
AS,424,"ANDREW JACKSON SHELTER SCH",20015778
AS,431,"APTOS MIDDLE",20015780
AS,435,"ARGONNE ELEM",20015782
AS,439,"BALBOA HIGH",20015784
AS,441,"BAYVIEW SPECIAL SVC CTR",20015786
AS,446,"FRANKLIN MIDDLE",20015788
AS,449,"CARMICHAEL ELEM",20015790
AS,453,"HARTE ELEM",20015792
AS,456,"BRYANT ELEM",20015794
AS,461,"BUENA VISTA ELEM",20015796
AS,466,"CTR FOR INDEPENDENT STUDY",20015798
AS,467,"CABRILLO ELEM",20015800
AS,476,"CHINESE EDUC CTR",20015802
AS,478,"CLARENDON ELEM",20015804
AS,479,"LILIENTHAL ELEM",20015806
AS,481,"CLEVELAND ELEM",20015808
AS,482,"COUNTY COMM SCHOOLS MIDDLE",20015810
AS,483,"COUNTY COMM SCHOOLS HIGH",20015812
AS,484,"PROJECT SUCCEED COUNTY COMM",20015814
AS,485,"YU ELEM",20015816
AS,486,"COMMUNITY HOME-BASED",20015818
AS,487,"WALDEN HOUSE, INC ACADEMY",20015820
AS,488,"SLOAT ELEM",20015822
AS,489,"BACK ON TRACK",20015824
AS,490,"STOCKTON ELEM",20015826
AS,493,"SF COMMUNITY ELEM",20015828
AS,494,"MILTON MYER COMMUNITY DAY",20015830
AS,496,"MISSION PARK & RECREATION",20015832
AS,497,"WEBSTER ELEM",20015834
AS,500,"O'CONNELL COMMUNITY DAY",20015836
AS,502,"SOUTHEAST COMMUNITY DAY",20015838
AS,505,"MILK ELEM",20015840
AS,507,"DREW ELEM",20015842
AS,509,"DEAVILA ELEM",20015844
AS,513,"TAYLOR ELEM",20015846
AS,515,EDGEWOOD,20015848
AS,517,"EDISON ELEM",20015850
AS,521,"EL DORADO ELEM",20015852
AS,525,"COBB ELEM",20015854
AS,529,"EVERETT MIDDLE",20015856
AS,530,ESCALON,20015858
AS,537,"FAIRMOUNT ELEM",20015860
AS,541,"BAY HIGH",20015862
AS,542,"FILIPINO EDUC CTR ELEM",20015864
AS,544,"KEY ELEM",20015866
AS,545,"FLORENCE CRITTENTON",20015868
AS,546,"FRANCISCO MIDDLE",20015870
AS,547,"KEY ANNEX",20015872
AS,549,"MCCOPPIN ELEM",20015874
AS,559,"GALILEO HIGH",20015876
AS,562,"GARFIELD ELEM",20015878
AS,565,"GATEWAY CHARTER HIGH",20015880
AS,569,"PEABODY ELEM",20015882
AS,571,"WASHINGTON HIGH",20015884
AS,575,"GLEN PARK ELEM",20015886
AS,579,"GOLDEN GATE ELEM",20015888
AS,589,"GRATTAN ELEM",20015890
AS,593,"GUADALUPE ELEM",20015892
AS,601,HANCOCK/COOPER,20015894
AS,603,"CHAVEZ ELEM",20015896
AS,607,"HOOVER MIDDLE",20015898
AS,614,"HILLCREST ELEM",20015900
AS,616,"HILLTOP HIGH",20015902
AS,618,"MANN MIDDLE",20015904
AS,624,"INTL STUDIES ACAD HIGH",20015906
AS,625,"CARVER ELEM",20015908
AS,630,"MCATEER HIGH",20015910
AS,632,"DENMAN MIDDLE",20015912
AS,634,"LICK MIDDLE",20015914
AS,635,"JAMESTOWN LEARNING CTR HS",20015916
AS,638,"PARKER ELEM",20015918
AS,641,"DAVIS MIDDLE",20015920
AS,644,"JEFFERSON ELEM",20015922
AS,646,"ROBERTS DEVEL CTR",20015924
AS,648,"JOHN MCLAREN COUNTY COMM DAY",20015926
AS,650,"MUIR ELEM",20015928
AS,651,"O'CONNELL HIGH",20015930
AS,652,"SWETT ELEM",20015932
AS,655,"JUMP ACADEMY",20015934
AS,656,"SERRA ELEM",20015936
AS,664,"LAFAYETTE ELEM",20015938
AS,670,"LAKESHORE ELEM",20015940
AS,673,"LANGLEY PORTER",20015942
AS,676,"LAWTON ELEM",20015944
AS,678,"LEADERSHIP CHARTER HIGH",20015946
AS,680,"FLYNN ELEM",20015948
AS,681,"LIFE LEARNING ACAD CHARTER",20015950
AS,688,"LOG CABIN",20015952
AS,691,"LONGFELLOW ELEM",20015954
AS,694,"NEC SM HI/LOUISE LOMBARD",20015956
AS,697,"LOWELL HIGH",20015958
AS,701,"BURBANK MIDDLE",20015960
AS,708,"MARINA MIDDLE",20015962
AS,709,"MIDDLE SCH LEARNING CTR",20015964
AS,710,"KING MLK MIDDLE",20015966
AS,714,"MARSHALL ELEM",20015968
AS,717,"MCAULEY CLINIC",20015970
AS,718,"MCKINLEY ELEM",20015972
AS,722,"MIRALOMA ELEM",20015974
AS,723,"MOSCONE ELEM",20015976
AS,724,"MISSION EDUC CTR ELEM",20015978
AS,725,"MISSION HIGH",20015980
AS,729,"MONROE ELEM",20015982
AS,732,"YWCA SPECIAL SVC CENTER",20015984
AS,735,"NEW TRADITIONS CTR ELEM",20015986
AS,737,"TWAIN HIGH",20015988
AS,738,"NEWCOMER HIGH",20015990
AS,740,"OAKES CHILDREN CENTER",20015992
AS,741,"NEC SM HI/SUNSHINE",20015994
AS,742,"DOWNTOWN HIGH",20015996
AS,743,"WELLS HIGH",20015998
AS,746,"ORTEGA ELEM",20016000
AS,750,"SUNSET ELEM",20016002
AS,755,"NEC SM HI/COLLEGE PARK",20016004
AS,756,"SMALL NECESSARY MIDDLE SCH",20016006
AS,760,"REVERE ELEM",20016008
AS,764,"BURTON HIGH",20016010
AS,769,"PHOENIX ACADEMY",20016012
AS,773,"POTRERO HILL MIDDLE",20016014
AS,778,"PRESIDIO MIDDLE",20016016
AS,782,"STEVENSON ELEM",20016018
AS,785,"WALLENBERG HIGH",20016020
AS,786,"PARKS ELEM (AKA WEILL)",20016022
AS,789,"REAL ALTERNATIVES PROGRAM",20016024
AS,790,"REDDING ELEM",20016026
AS,796,"ROOFTOP ELEM",20016028
AS,797,"ROOSEVELT MIDDLE",20016030
AS,798,"SF RENAISSANCE ED CTR",20016032
AS,801,"WO ELEM",20016034
AS,809,"SF CHARTER EARLY CHD",20016036
AS,814,"SF POSTAL STREET ACADEMY",20016038
AS,815,"SCHOOL OF THE ARTS",20016040
AS,816,"SANCHEZ ELEM",20016042
AS,817,"SCH FOR BUSINESS & COMM HS",20016044
AS,820,"SHERIDAN ELEM",20016046
AS,821,"SAND PATHS HIGH SCH",20016048
AS,823,"SHERMAN ELEM",20016050
AS,824,"SPEC. ED. HOME HOSPITAL",20016052
AS,825,"SPEC. ED. NOT IN SCH",20016054
AS,827,"SPEC. ED. PRIVATE/PAROCHIAL",20016056
AS,828,"SPEC. ED. STATE SPECIAL SCH",20016058
AS,829,"SPECIAL EDUCATION NPS",20016060
AS,830,"MALCOLM X ELEM",20016062
AS,831,"OPERATION STAY IN SCH",20016064
AS,834,"SPRING VALLEY ELEM",20016066
AS,838,"KING STARR ELEM",20016068
AS,840,"ST ELIZABETH SSC",20016070
AS,842,"SUNNYSIDE ELEM",20016072
AS,848,"SUTRO ELEM",20016074
AS,850,"THERAPEUTIC EDUC CTR",20016076
AS,852,"TREASURE ISLAND ELEM",20016078
AS,853,"MARSHALL HIGH",20016080
AS,858,"21ST CENTURY ACADEMY",20016082
AS,859,"TENDERLOIN COMMUNITY ELEM",20016084
AS,862,"ULLOA ELEM",20016086
AS,863,"URBAN PIONEER",20016088
AS,867,"VISITACION VALLEY ELEM",20016090
AS,868,"VISITACION VALLEY MIDDLE",20016092
AS,872,"CHIN ELEM",20017170
AS,876,"WEST PORTAL ELEM",20017172
AS,891,"YOUTH FOR SERVICE",20017174
AS,892,"COURT SCHOOLS",20017176
AS,903,"ARGONNE CHILDREN'S CTR",20017178
AS,905,"DREW CHILDREN'S CTR",20017180
AS,908,"HARTE CHILDREN'S CTR",20017182
AS,910,"BURNETT CHILDREN'S CTR",20017184
AS,911,"BRYANT CHILDREN'S CTR",20017186
AS,912,"CAMPUS CHILDREN'S CENTER",20017188
AS,915,"STOCKTON CHILDREN'S CTR",20017190
AS,918,"DANIEL WEBSTER",20017192
AS,921,"LAS AMERICAS CHILDREN'S CTR",20017194
AS,923,"THERESA S MAHLER CC",20017196
AS,924,"TAYLOR CHILDREN'S CTR",20017198
AS,925,"EXCELSIOR CC AT GUADALUPE",20017200
AS,926,"EXCELSIOR CC AT MONROE",20017202
AS,928,"NORIEGA CHILDREN'S CTR",20017204
AS,929,"FILIPINO EDUCATION CTR",20017206
AS,930,"MCCOPPIN CHILDREN'S CTR",20017208
AS,931,"PRESIDIO CHILD CTR (WAS GEARY)",20017210
AS,936,"NEW CDC",20017212
AS,938,"GRATTAN CHILDREN'S CENTER",20017214
AS,945,"JEAN PARKER",20017216
AS,947,"JEFFERSON SA CHILDREN'S CTR",20017218
AS,948,"JEFFERSON CHILDREN'S CTR",20017220
AS,950,"MCLAREN CHILDREN'S CTR",20017222
AS,953,"J. SERRA CHILDREN'S CTR",20017224
AS,955,"SERRA CHILDREN'S CTR",20017226
AS,957,"EDISON CHILDREN'S CTR",20017228
AS,958,"KATE KENNEDY CHILDREN'S CTR",20017230
AS,960,"LAGUNA GOLDEN GATE CC",20017232
AS,962,"FLYNN CHILDREN'S CTR",20017234
AS,965,"MISSION ANNEX CHILDREN'S CTR",20017236
AS,971,"FLORENCE MARTIN CHILDREN'S CTR",20017238
AS,974,"POTRERO TERR/STARR KING CC",20017240
AS,975,"PRESIDIO EARLY INTERVENT PROG",20017242
AS,977,"RAPHAEL WEILL CHILDREN'S CTR",20017244
AS,980,"REDDING CHILDREN'S CTR",20017246
AS,983,"COOPER CHILDREN'S CTR",20017248
AS,986,"SPRING VALLEY CHILDREN'S CTR",20017250
AS,987,"SAN MIGUEL CHILDREN'S CTR",20017252
AS,988,"SUTRO CHILDREN'S CTR",20017254
AS,990,"NEW CDC",20017256
AS,991,"MILK CHILDREN'S CTR",20017258
AS,992,TENDERLOIN,20017260
AS,994,"COBB CHILDREN'S CTR",20017262
AS,996,SYSTEMS/PROGRAMMING,20017264
AS,997,"TULE ELK CC (YERBA BUENA)",20017266
AS,998,"YOEY CC AT BESSIE SMITH",20017268
AS,999,"UNKNOWN SITE",20017270
AS,BHP,"BERNAL HEIGHTS PRE SCH",20017272
AS,CAD,"CADILLAC HEADSTART",20017274
AS,EPC,"EDUCATIONAL PLACEMENT CTR",20017276
AS,EPD,"EDUCATIONAL PLACEMENT CTR",20017278
AS,FMC,"MARTIN (FLORENCE) CC",20017280
AS,GHP,"SF GENERAL HOSPITAL",20017282
AS,GRC,"GRATTAN CENTER",20017284
AS,HNS,"HOLY NAMES",20017286
AS,HOM,"HOME ADDRESS IS SVC SITE",20017288
AS,JSC,"JUNIPERO SERRA CC",20017290
AS,KHS,"KAI MING HEADSTART",20017292
AS,LOM,"LOMBARD CTR SP ED @ SOTA",20017294
AS,LOS,"LIVE OAK SCH",20017296
AS,MAT,"MCAULEY ADOLESCENT TREATMT",20017298
AS,MCD,"MARIN COUNTRY DAY SCH",20017300
AS,OCC,"OAKES CC",20017302
AS,OMI,"OMI HEADSTART",20017304
AS,OTU,"OCCUPATIONAL THERAPY UNIT",20017306
AS,PEI,"PRESIDIO EARLY INTERVENTN",20017308
AS,SAH,"SF SPEECH AND HEARING",20017310
AS,SIU,"SPECIAL EDUC INTAKE UNIT",20017312
AS,SJN,"ST JOHN NON PUBLIC SCH",20017314
AS,STC,"SILVER TREE CAMP",20017316
AS,TMC,"THERESA S MAHLER CC",20017318
AS,YBC,"YERBA BUENA CENTER",20017320
AS,YMC,"YMCA MISSION",20017322
AS,YOC,"YOEY CC",20017324
AT,06046,UNSPECIFIED,20015740
AV,30,"WALTON MIDDLE",20019130
AV,31,"WHALEY MIDDLE",20019132
AV,32,"WILLOWBROOK MIDDLE",20019134
AV,33,"CENTENNIAL HIGH",20019136
AV,34,"COMPTON HIGH",20019138
AV,35,"DOMINGUEZ HIGH",20019140
AV,36,"CESAR CHAVEZ ALT",20019142
AV,37,"THURGOOD MARSHALL ALT",20019144
AV,38,"HARRIET TUBMAN ALT",20019146
AV,39,"HOME & HOSPITAL",20019148
AV,40,"WILLARD ELEM",20019150
AV,41,"ANDERSON ELEM",20019152
AV,42,"BUNCHE ELEM",20019154
AV,43,"BURSCH ELEM",20019156
AV,44,"CALDWELL ELEM",20019158
AV,45,"CARVER ELEM",20019160
AV,46,"DICKISON ELEM",20019162
AV,47,"MCNAIR ELEM",20019164
AV,48,"EMERSON ELEM",20019166
AV,49,"FOSTER ELEM",20019168
AV,50,"JEFFERSON ELEM",20019170
AV,51,"KELLY ELEM",20019172
AV,52,"KENNEDY ELEM",20019174
AV,53,"KINGS ELEM",20019176
AV,54,"LAUREL ELEM",20019178
AV,55,"LINCOLN ELEM",20019180
AV,56,"LONGFELLOW ELEM",20019182
AV,57,"MAYO ELEM",20019184
AV,58,"MCKINLEY ELEM",20019186
AV,59,"ROOSEVELT ELEM",20019188
AV,60,"ROSECRANS ELEM",20019190
AV,61,"TIBBY ELEM",20019192
AV,63,"WASHINGTON ELEM",20019194
AV,65,"BUNCHE MIDDLE",20019196
AV,66,"DAVIS MIDDLE",20019198
AV,67,"ENTERPRISE MIDDLE",20019200
AV,68,"ROOSEVELT MIDDLE",20019202
AV,69,"VANGUARD MIDDLE",20019204
AV,70,"YET CENTER",20019206
AV,71,"COMMUNITY DAY MIDDLE",20019208
AV,72,"COMMUNITY DAY HIGH",20019210
AV,LACOE,"TRANSP - LACOE PROVIDER",20019212
AV,NPS,"NON PUBLIC SCHOOL",20019214
AX,02555,"(NO LISTING IN CA PUB SCH DIR)",21873974
AX,08487,"(NO LISTING IN CA PUB SCH DIR)",21873980
AX,08504,"(NO LISTING IN CA PUB SCH DIR)",21873982
AX,31617,"(NO LISTING IN CA PUB SCH DIR)",21874022
AX,72232,"(NO LISTING IN CA PUB SCH DIR)",21874030
AX,72256,"(NO LISTING IN CA PUB SCH DIR)",21874032
AX,75523,"(NO LISTING IN CA PUB SCH DIR)",21874034
AX,84041,"(NO LISTING IN CA PUB SCH DIR)",21874036
AX,84058,"(NO LISTING IN CA PUB SCH DIR)",21874038
AX,ESCHL,"(NO LISTING IN CA PUB SCH DIR)",21874040
BB,XX,"zzDO NOT USE -- old Bell Gardens High",20019372
BC,GA,"GLENDALE ADVENTIST",20012086
BC,UNK,"SPECIFY SITE: __________",20012134
BE,006,"UNKNOWN SITE",20019472
BE,104,104,20019490
BI,06248,"STRAWBERRY ELEM",20019668
BI,06619,"YULUPA ELEM",20019670
BI,11LAT,LATTICE,20019676
BI,25791,"HEALDSBURG ELEM",20019678
BI,29825,"KENWOOD ELEM",20019680
BI,34066,"RIEBLI ELEM",20019682
BI,34841,"MARK WEST ELEM",20019684
BI,34858,"SAN MIGUEL ELEM",20019686
BI,43005,"PINER ELEM",20019690
BI,43144,"SCHAEFER ELEM",20019692
BI,43344,"OLIVET ELEM",20019694
BI,47021,"MADRONE ELEM",20019696
BI,47039,"MATANZAS ELEM",20019698
BI,47047,"WHITED ELEM",20019700
BI,47054,"SEQUOIA ELEM",20019702
BI,47062,"SPRING CREEK ELEM",20019704
BI,47070,"VILLAGE ELEM",20019706
BI,47229,"BINKLEY ELEM",20019708
BI,47907,"AUSTIN CREEK ELEM",20019710
BI,51237,"PINE CREST ELEM",20019714
BI,86104,"BROOK HILL ELEM",20019716
BI,ALTED,"ALTERNATE ED--COMMUNITY SCHS",20019718
BK,00,PRESCHOOL,20013470
BK,170,"INDEPENDENT STUDY",20013482
BK,174,"HOME SCHOOLING",20013488
BK,18,"FOUR CREEKS (NORTHEAST)",20013496
BK,700,"DISTRICT STAFF",20013554
BK,83,"GREEN ACRES",20013568
BM,SCOTT,SCOTT,20019816
BP,096,"HEROES ELEM",21875414
BP,11,"MENDEZ FUNDAMENTAL",20019826
BP,A1,"DIAMOND ELEM - A",20019940
BP,A2,"DIAMOND ELEM - B",20019942
BP,A3,"DIAMOND ELEM - C",20019944
BP,A4,"DIAMOND ELEM - D",20019946
BP,A6,"ADAMS ELEM - A",20019948
BP,A7,"ADAMS ELEM - B",20019950
BP,A8,"ADAMS ELEM - C",20019952
BP,A9,"ADAMS ELEM - D",20019954
BP,B1,"EDISON ELEM - A",20019956
BP,B2,"EDISON ELEM - B",20019958
BP,B3,"EDISON ELEM - C",20019960
BP,B4,"EDISON ELEM - D",20019962
BP,B6,"WALKER ELEM - A",20019964
BP,B7,"WALKER ELEM - B",20019966
BP,B8,"WALKER ELEM - C",20019968
BP,B9,"WALKER ELEM - D",20019970
BP,C1,"FRANKLIN ELEM - A",20019972
BP,C2,"FRANKLIN ELEM - B",20019974
BP,C3,"FRANKLIN ELEM - C",20019976
BP,C4,"FRANKLIN ELEM - D",20019978
BP,C6,"MARTIN LUTHER KING - A",20019980
BP,C7,"MARTIN LUTHER KING - B",20019982
BP,C8,"MARTIN LUTHER KING - C",20019984
BP,C9,"MARTIN LUTHER KING - D",20019986
BP,D1,"FREMONT ELEM - A",20019988
BP,D2,"FREMONT ELEM - B",20019990
BP,D3,"FREMONT ELEM - C",20019992
BP,D4,"FREMONT ELEM - D",20019994
BP,D5,"SPURGEON ELEM - D",20019996
BP,D6,"CARR INTERM - A",20019998
BP,D7,"CARR INTERM - B",20020000
BP,D8,"CARR INTERM - C",20020002
BP,D9,"CARR INTERM - D",20020004
BP,E1,"GRANT ELEM - D",20020006
BP,E5,"ADULT TRANSITION",20020010
BP,E6,"SPURGEON INTERM - A",20020012
BP,E7,"SPURGEON INTERM - B",20020014
BP,E8,"SPURGEON INTERM - C",20020016
BP,E9,"SPURGEON INTERM - D",20020018
BP,F1,"JACKSON ELEM - A",20020022
BP,F2,"JACKSON ELEM - B",20020024
BP,F3,"JACKSON ELEM - C",20020026
BP,F4,"JACKSON ELEM - D",20020028
BP,F7,"PHOENIX HOUSE GRADES 6-8",20020034
BP,F8,"PHOENIX HOUSE GRADES 9-12",20020036
BP,F9,"IND STUDY - GRADES 6-8",20020038
BP,G1,"LINCOLN ELEM - A",20020040
BP,G2,"LINCOLN ELEM - B",20020042
BP,G3,"LINCOLN ELEM - C",20020044
BP,G4,"LINCOLN ELEM - D",20020046
BP,G6,"DAVIS ELEM - A",20020048
BP,G7,"DAVIS ELEM - B",20020050
BP,G8,"DAVIS ELEM - C",20020052
BP,G9,"DAVIS ELEM - D",20020054
BP,H1,"LOWELL ELEM - A",20020056
BP,H2,"LOWELL ELEM - B",20020058
BP,H3,"LOWELL ELEM - C",20020060
BP,H4,"LOWELL ELEM - D",20020062
BP,H6,"SEPULVEDA ELEM - A",20020064
BP,H7,"SEPULVEDA ELEM - B",20020066
BP,H8,"SEPULVEDA ELEM - C",20020068
BP,H9,"SEPULVEDA ELEM - D",20020070
BP,I1,"HENINGER ELEM - A",20020072
BP,I2,"HENINGER ELEM - B",20020074
BP,I3,"HENINGER ELEM - C",20020076
BP,I4,"HENINGER ELEM - D",20020078
BP,J1,"MADISON ELEM - A",20020080
BP,J2,"MADISON ELEM - B",20020082
BP,J3,"MADISON ELEM - C",20020084
BP,J4,"MADISON ELEM - D",20020086
BP,K1,"MARTIN ELEM - A",20020088
BP,K2,"MARTIN ELEM - B",20020090
BP,K3,"MARTIN ELEM - C",20020092
BP,K4,"MARTIN ELEM - D",20020094
BP,L1,"MONTE VISTA ELEM - A",20020096
BP,L2,"MONTE VISTA ELEM - B",20020098
BP,L3,"MONTE VISTA ELEM - C",20020100
BP,L4,"MONTE VISTA ELEM - D",20020102
BP,L6,"LATHROP INTERM - A",20020104
BP,L7,"LATHROP INTERM - B",20020106
BP,L8,"LATHROP INTERM - C",20020108
BP,L9,"LATHROP INTERM - D",20020110
BP,M1,"ROOSEVELT ELEM - A",20020112
BP,M2,"ROOSEVELT ELEM - B",20020114
BP,M3,"ROOSEVELT ELEM - C",20020116
BP,M4,"ROOSEVELT ELEM - D",20020118
BP,N1,"WILSON ELEM - A",20020120
BP,N2,"WILSON ELEM - B",20020122
BP,N3,"WILSON ELEM - C",20020124
BP,N4,"WILSON ELEM - D",20020126
BP,O1,"HOOVER ELEM - A",20020128
BP,O2,"HOOVER ELEM - B",20020130
BP,O3,"HOOVER ELEM - C",20020132
BP,O4,"HOOVER ELEM - D",20020134
BP,OCEEA,"OCEEA CHARTER SCH",21875400
BP,OCEEA,"OCEEA CHARTER SCH",21875416
BP,P1,"PIO PICO ELEM - A",20020138
BP,P2,"PIO PICO ELEM - B",20020140
BP,P3,"PIO PICO ELEM - C",20020142
BP,P4,"PIO PICO ELEM - D",20020144
BP,P6,"ROMERO CRUZ - A",20020146
BP,P7,"ROMERO CRUZ - B",20020148
BP,P8,"ROMERO CRUZ - C",20020150
BP,P9,"ROMERO CRUZ - D",20020152
BP,R1,"GARFIELD ELEM - A",20020156
BP,R2,"GARFIELD ELEM - B",20020158
BP,R3,"GARFILED ELEM - C",20020160
BP,R4,"GARFIELD ELEM - D",20020162
BP,RTC,RTC,20020164
BP,S1,"CARVER ELEM - A",20020166
BP,S2,"CARVER ELEM - B",20020168
BP,S3,"CARVER ELEM - C",20020170
BP,S4,"CARVER ELEM - D",20020172
BP,S6,"SIERRA INTERM - A",20020174
BP,S7,"SIERRA INTERM - B",20020176
BP,S8,"SIERRA INTERM - C",20020178
BP,S9,"SIERRA INTERM - D",20020180
BP,V5,"ADULT EDUCATION",20020182
BP,W1,"KENNEDY ELEM - A",20020184
BP,W2,"KENNEDY ELEM - B",20020186
BP,W3,"KENNEDY ELEM - C",20020188
BP,W4,"KENNEDY ELEM - D",20020190
BP,X8,"VILLA INTERMEDIATE",20020192
BP,Y6,"MIDDLE COLLEGE HIGH",20020194
BP,Y7,"COMMUNITY DAY",20020196
BP,Y8,"COMMUNITY DAY HIGH",20020198
BP,Z1,"WASHINGTON ELEM - A",20020200
BP,Z2,"WASHINGTON ELEM - B",20009214
BP,Z3,"WASHINGTON ELEM - C",20009216
BP,Z4,"WASHINGTON ELEM - D",20009218
BT,073,"BRAWLEY ELEM",20009220
BT,081,"BRAWLEY UNION HIGH",20009222
BT,099,"CALEXICO USD",20009224
BT,114,"SOUTHWEST HIGH",20009228
BT,115,"CENTRAL UNION HIGH",20009230
BT,123,"EL CENTRO ELEM",20009232
BT,149,HOLTVILLE,20009240
BV,100,"SUMMER CLINIC",20009258
BV,200,"SUMMER SCHOOL",20009260
BV,300,"OT CLINIC",20009262
BV,306,"MONTESSORI CHILD HOUSE",20013406
BV,307,"CHILDREN'S HOUSE",20013408
BV,312,"HORACE MANN",20009264
BV,313,LOWELL,20009266
BV,316,"RIVER GLEN ELEM",20009268
BV,317,WASHINGTON,20009270
BV,318,HESTER,20009272
BV,319,GARDNER,20009274
BV,320,GALARZA,20009276
BV,321,GRANT,20009278
BV,324,"WILLOW GLEN ELEM",20009280
BV,327,TRACE,20009282
BV,328,"ANNE DARLING",20009284
BV,338,CORY,20009286
BV,339,BACHRODT,20009288
BV,345,BOOKSIN,20009290
BV,346,SCHALLENBERGER,20009292
BV,350,REED,20009294
BV,351,"HACIENDA VALLEY VIEW",20009296
BV,354,"CANOAS GARDENS ELEM",20009298
BV,355,"EMPIRE GARDENS",20009300
BV,356,ALLEN,20009302
BV,358,"HAMMER MONTESSORI LEARNING MAG",20009304
BV,359,SIMONDS,20009306
BV,360,"LOS ALAMITOS",20009308
BV,363,TERRELL,20009310
BV,364,ERIKSON,20009312
BV,365,WILLIAMS,20009314
BV,367,CARSON,20009316
BV,370,"TAMIEN AT HAMMER",20009318
BV,371,GRAYSTONE,20009320
BV,372,ALMADEN,20009322
BV,373,RANDOL,20009324
BV,374,OLINDER,20009326
BV,380,"COMMUNITY DAY SCH AT HESTER EL",20009328
BV,389,"BOYS & GIRLS COMM DAY SCH ELEM",20009330
BV,390,"ELEMENTARY TEST SCH",20009332
BV,391,"SP ED HOLDING",20009334
BV,396,"APPEAL HOLDING",20009336
BV,397,"CHILD CARE PRESCHOOL",20009338
BV,398,PRE-K,20009340
BV,399,"C W A",20009342
BV,416,"RIVER GLEN MIDDLE",20009344
BV,426,"BURNETT ACADEMY",20009346
BV,429,"HOOVER MIDDLE",20009348
BV,435,"WILLOW GLEN MIDDLE",20009350
BV,437,"BROADWAY MIDDLE",20009352
BV,439,"LIBERTY MIDDLE SCH",20009354
BV,452,"JOHN MUIR MIDDLE",20009356
BV,457,"BRET HARTE MIDDLE",20009358
BV,477,"STEINBECK MIDDLE",20009360
BV,480,"CASTILLERO MIDDLE",20009362
BV,481,"CROSSROADS COMM DAY SCH MID",20009364
BV,482,"SAN JOSE COMM MIDDLE",20013410
BV,489,"BOYS&GIRLS COMM DAY SCH MID",20009366
BV,491,"SP ED HOLDING",20009368
BV,499,"C W A",20009370
BV,531,"LINCOLN HIGH SCH",20009372
BV,534,"SAN JOSE HIGH ACADEMY",20009374
BV,536,"WILLOW GLEN HIGH ED PARK",20009376
BV,537,"BROADWAY HIGH",20009378
BV,539,"LIBERTY HIGH SCH",20009380
BV,540,"MIDDLE COLLEGE @SJCC",20013412
BV,541,"CAREER ACADEMY",20009382
BV,553,"PIONEER HIGH",20009384
BV,557,"LELAND HIGH",20009386
BV,578,"GUNDERSON HIGH",20009388
BV,579,"SAN JOSE PLUS CONTIN HIGH",20009390
BV,580,"LELAND PLUS CONTIN HIGH",20009392
BV,581,"CROSSROADS COMMUNITY DAY HIGH",20009394
BV,582,"SAN JOSE COMM HIGH",20013414
BV,583,"LINCOLN PLUS CONT HIGH",20013416
BV,584,"LIBERTY EVENING HIGH",20009396
BV,587,"WILLOW GLEN PLUS CONTIN HIGH",20009398
BV,588,"PIONEER PLUS CONTIN HIGH",20009400
BV,589,"GUNDERSON PLUS CONTIN HIGH",20009402
BV,591,"SP ED HOLDING",20009404
BV,599,"C W A",20009406
BV,603,"CHARTER SCHOOL",20013418
BV,855,"DISTRICT OFFICE",20009408
BW,0001,"BONITA VISTA MIDDLE",21874428
BW,0002,"CASTLE PARK MIDDLE",21874430
BW,0003,"CHULA VISTA MIDDLE",21874432
BW,0004,"GRANGER JUNIOR HIGH",21874434
BW,0005,"HILLTOP MIDDLE",21874436
BW,0006,"MAR VISTA MIDDLE",21874438
BW,0007,"MONTGOMERY MIDDLE",21874440
BW,0008,"NATIONAL CITY MIDDLE",21874442
BW,0009,"SOUTHWEST MIDDLE",21874444
BW,0012,"RANCHO DEL REY MIDDLE",21874446
BW,0014,"EASTLAKE MIDDLE",21874448
BW,0021,"CASTLE PARK HIGH",21874450
BW,0024,"MAR VISTA HIGH",21874452
BW,0029,"SAN YSIDRO HIGH",21874454
BW,0042,"PALOMAR HIGH",21874456
BW,0089,"SPECIAL SVCS PLACEMENT - TRAD",21874458
BW,0118,"FIFTH AVENUE ACADEMY",21874460
BW,0119,"ALTA VISTA ACADEMY",21874462
BW,0121,"OPTIONS SECONDARY - SAILS",21874464
BW,0127,"MAA CHARTER",21874466
BW,0132,"COMMUNITY DAY MIDDLE",21874468
BW,0140,"OPTIONS SECONDARY - COLS",21874470
BW,0143,"OPTIONS SECONDARY - IND STUDY",21874472
BW,0189,"SPECIAL SERVICES PLACEMENT YR",21874474
BW,0450,"OLYMPIAN HIGH",21874476
BW,2199,"CASTLE PARK LEARNING CTR",21874478
BW,2499,"MAR VISTA LEARNING CTR",21874480
BW,2999,"SAN YSIDRO LEARNING CTR",21874482
BY,02,"ADAMS ELEM",20009410
BY,04,"ALCOTT ELEM",20009412
BY,06,"BRYANT ELEM",20009414
BY,08,"CASA BLANCA PRESCH",20009416
BY,09,"RUSD PRESCHOOL",20009418
BY,10,"CASTLE VIEW ELEM",20009420
BY,12,"EMERSON ELEM",20009422
BY,13,"FRANKLIN ELEM",20009424
BY,14,"FREMONT ELEM",20009426
BY,16,"GRANT ELEM",20009428
BY,18,"HARRISON ELEM",20009430
BY,20,"HAWTHORNE ELEM",20009432
BY,22,"HIGHGROVE ELEM",20009434
BY,24,"HIGHLAND ELEM",20009436
BY,26,"HYATT ELEM",20009438
BY,30,"JACKSON ELEM",20009440
BY,32,"JEFFERSON ELEM",20009442
BY,34,"LIBERTY ELEM",20009444
BY,36,"LONGFELLOW ELEM",20009446
BY,38,"MADISON ELEM",20009448
BY,40,"MAGNOLIA ELE",20009450
BY,42,"MONROE ELEM",20009452
BY,44,"MT. VIEW ELEM",20009454
BY,46,"PACHAPPA ELEM",20009456
BY,48,"RIVERA ELEM",20009458
BY,50,"SUNSHINE SCH",20009460
BY,51,"TAFT ELEM",20009462
BY,52,"VICTORIA ELEM",20009464
BY,54,"WASHINGTON ELEM",20009466
BY,55,"WOODCREST ELEM",20009468
BY,69,"PROJECT TEAM",20009470
BY,81,"CENTRAL MIDDLE SCH",20009472
BY,82,"CHEMAWA MIDDLE SCH",20009474
BY,83,"EARHART MIDDLE SCH",20009476
BY,84,"GAGE MIDDLE SCH",20009478
BY,86,OPPORTUNITY,20009480
BY,87,"SIERRA MIDDLE SCH",20009482
BY,89,"UNIVERSITY HTS MIDDLE SCH",20009484
BY,90,"SUMMIT VIEW ADULT SCH",20009486
BY,91,"ARLINGTON HIGH SCH",20009488
BY,92,"NORTH HIGH SCH",20009490
BY,93,"ML KING HIGH SCH",20009492
BY,94,"POLY HIGH SCH",20009494
BY,95,"COPE COMMUNITY DAY SCH",20009496
BY,96,"RAMONA HIGH SCH",20009498
BY,97,"LINCOLN HIGH SCH",20009500
BY,98,AACES,20009502
BY,99,"EDUC OPTIONS CTR/RAINCROSS HS",20009504
BZ,13,"HELEN TURNER",20009506
BZ,16,BOWMAN,20009508
BZ,17,BURBANK,20009510
BZ,18,CHERRYLAND,20009512
BZ,19,"EAST AVENUE",20009514
BZ,20,"EDEN GARDENS",20009516
BZ,21,ELDRIDGE,20009518
BZ,23,FAIRVIEW,20009520
BZ,24,GLASSBROOK,20009522
BZ,25,HARDER,20009524
BZ,26,HIGHLAND,20009526
BZ,28,LONGWOOD,20009528
BZ,29,"LORIN EDEN",20009530
BZ,30,MARKHAM,20009532
BZ,31,MUIR,20009534
BZ,32,"PALMA CEIA",20009536
BZ,33,PARK,20009538
BZ,34,RUUS,20009540
BZ,35,"SCHAFER PARK",20009542
BZ,36,SHEPHERD,20009544
BZ,37,SOUTHGATE,20009546
BZ,38,STROBRIDGE,20009548
BZ,39,TREEVIEW,20009550
BZ,40,"BRET HARTE",20009552
BZ,41,KING,20009554
BZ,42,CHAVEZ,20009556
BZ,43,OCHOA,20009558
BZ,44,WINTON,20009560
BZ,45,TYRRELL,20009562
BZ,46,"PROJECT SCH",20009564
BZ,50,"HAYWARD HIGH",20009566
BZ,51,"BRENKWITZ HIGH",20009568
BZ,52,"MT EDEN HIGH",20009570
BZ,53,"INDEPENDENT STUDY",20009572
BZ,55,"TENNYSON HIGH",20009574
BZ,59,LAUREL,20009576
BZ,64,"EDEN YOUTH CENTER",20009578
BZ,CHARQ,CHARQUIN,20009580
BZ,NPS,"NON PUBLIC SCHOOL",20009582
CD,01,"ABBOTT                (6020234)",20009598
CD,02,"LINCOLN               (6020242)",20009614
CD,03,"LINDBERG              (6020259)",20009616
CD,04,"LUGO                  (6020267)",20009618
CD,05,"MARK TWAIN            (6020275)",20009620
CD,06,"ROOSEVELT             (6020283)",20009622
CD,07,"WASHINGTON            (6020291)",20009624
CD,08,"WILL ROGERS           (6020309)",20009626
CD,09,"WILSON                (6020317)",20009628
CD,10,"HOSLER                (6058390)",20009630
CD,21,"LYNWOOD MIDDLE SCH",20009632
CD,25,"LYNWOOD OPPORTUNITY",20009634
CD,30,"LYNWOOD HIGH SCH      (1935436)",20009636
CD,35,"VISTA                 (1935428)",20009638
CN,433,"COUNTY ALT AT AYALA",20009732
CU,CCIS,"CULVER CITY IND STUD",20009856
CW,0,"MT DIABLO DISTRICT OFFICE",21875684
CW,03,"FAMILIES FIRST RESIDENTL",20009892
CW,07,"CAMBRIDGE HEADSTART",20009898
CW,20,"CASTLE ROCK",20009918
CW,39,"ADELANTE HIGH",20009950
CW,63,"OTHER SELPA",20009988
CW,65,"LA COLINA",20009992
CW,80,"CALIF STATE SCHOOLS",20010016
CW,94,"LOMA VISTA-EAST",20010036
CW,95,"WILLOW CREEK CENTER",20010038
CW,CONT,"CONTRACT (PT/OT)",20010048
CW,XX,"NECESSARY SMALL HIGH",20010050
CW,YY,"INTERMEDIATE MASTER",20010052
CZ,NORAL,"NORALTO SCHOOL",20010130
DG,05,BARTON,20010232
DG,06,EDISON,20010234
DG,07,FRANKLIN,20010236
DG,08,GAUER,20010238
DG,09,GUINN,20010240
DG,10,HENRY,20010242
DG,106,PRESCH-EDISON,20010244
DG,11,"JEFFERSON 1",20010246
DG,112,PRESCH-_____________,20010248
DG,116,PRESCH-_____________,20010250
DG,12,JUAREZ,20010252
DG,13,KEY,20010254
DG,14,LINCOLN,20010256
DG,15,LOARA,20010258
DG,16,MADISON,20010260
DG,17,MANN,20010262
DG,18,MARSHALL,20010264
DG,19,"PALM LANE",20010266
DG,20,PRICE,20010268
DG,21,REVERE,20010270
DG,22,ROOSEVELT,20010272
DG,23,ROSS,20010274
DG,24,STODDARD,20010276
DG,25,SUNKIST,20010278
DG,26,"JEFFERSON 2",20010280
DG,27,WESTMONT,20010282
DG,28,"COMMUNITY DAY SCH",20010284
DG,29,"PRESCH ASSESSMT CTR",20016444
DG,30,JUAREZ-PAUL,20010286
DG,31,"NON-RIS FRANKLIN",20010288
DG,32,"NON-RIS JUAREZ",20010290
DG,33,"NON-RIS MADISON",20010292
DG,34,"NON-RIS KEY",20010294
DG,40,PRESCH-_______________,20010296
DG,PREFR,PRESCH-FRANKLIN,20010298
DG,PREGA,PRESCH-GARCIA,20010300
DG,PREJU,PRESCH-JUAREZ,20010302
DG,PREKE,PRESCH-KEY,20010304
DG,PREMA,PRESCH-MADISON,20010306
DG,PREMR,PRESCH-MARSHALL,20010308
DG,PRESC,PRESCHOOL,20010310
DG,PREST,PRESCH-STONE,20010312
DN,10,10,20016412
DN,11,11,20016352
DN,12,12,20016414
DN,13,13,20016416
DN,14,14,20016418
DN,15,15,20016420
DN,16,16,20016422
DN,17,17,20016424
DN,18,18,20016426
DN,19,19,20016428
DN,20,20,20016430
DN,21,21,20016432
DN,23,23,20016436
DP,00,UNSPECIFIED,20010958
DU,10,"NON-PUBLIC SCHOOLS",20016296
DU,11,PRE-SCHOOL,20016298
DV,FHE,"FOLSOM HILLS ELEM",20016232
DV,SGE,"SANDRA GALLARDO ELEM",20016276
DV,SM,"SUTTER MIDDLE",20016278
EA,3309,UNKNOWN,20014542
EA,DEC,"DISTRICT EDUCATION CENTER",20169196
EC,001,"STUDENT SERVICES CTR",20011076
EC,100,"CLEARANCE CLINIC",20011078
EC,200,"IMMUNIZATION CLINIC",20011080
EC,202,"ARLANZA ELEM",20011082
EC,203,"COLLETT ELEM",20011084
EC,204,"FOOTHILL ELEM",20011086
EC,205,"MCAULIFFE ELEM",20011088
EC,206,"LA GRANADA ELEM",20011090
EC,207,"MYRA LINN ELEM",20011646
EC,208,"ORRENMAA ELEM",20011648
EC,209,"TERRACE ELEM",20011650
EC,210,"TWINHILL ELEM",20011652
EC,211,"PROMENADE ELEM",20011654
EC,212,"VALLEY VIEW ELEM",20011656
EC,213,"ROSEMARY KENNEDY ELEM",20011658
EC,312,"ARIZONA MIDDLE",20011660
EC,313,"LOMA VISTA MIDDLE",20011662
EC,314,"WELLS MIDDLE",20011664
EC,315,"VILLEGAS MIDDLE",20011666
EC,415,"ALVORD CONT. HIGH",20011668
EC,416,"LA SIERRA HIGH",20011670
EC,417,"NORTE VISTA HIGH",20011672
EC,916,"LA SIERRA HIGH IND STUDY",20011674
EC,917,"NORTE VISTA HIGH IND STUDY",20011676
EC,RCOE,"RIVERSIDE COE TRANSP",20011678
EF,00,DISTRICT/UNASSIGNED,20011914
EF,01,"DARTMOUTH MIDDLE",20011916
EF,56,"ACACIA MIDDLE",20011918
EF,57,"VALLE VISTA ELEM",20011920
EF,58,"COTTONWOOD ELEM",20011922
EF,59,"HAMILTON ELEM",20011924
EF,60,"HEMET ELEM",20011926
EF,61,"IDYLLWILD ELEM",20011928
EF,63,"RAMONA ELEM",20011932
EF,64,"WHITTIER ELEM",20011934
EF,65,"WINCHESTER ELEM",20011936
EF,66,"FRUITVALE ELEM",20011938
EF,67,"HELP SCH DISTRICT COMMUNITY",20011940
EF,70,"JACOB WIENS ELEM",20011944
EF,73,"ALESSANDRO HIGH",20011946
EF,75,"HEMET HIGH",20011948
EF,78,"WEST VALLEY HIGH",20011950
EF,79,"SANTA FE MIDDLE",20011952
EF,88,"HAMILTON INDEPENDENT STUDY",20011954
EF,89,"HUSD ELEM INDEPENDENT STUDY",20011956
EF,90,"HELEN HUNT JACKSON",20011958
EF,95,"HAMILTON HIGH",20011960
EF,96,"HAMILTON MIDDLE",20011962
EF,97,"WINCHESTER MIDDLE",20011964
EF,98,"COTTONWOOD MIDDLE",20011966
EF,99,"IDYLLWILD MIDDLE",20011968
EF,HV,"HOME VISIT",20011972
EF,NPA,"NON PUBLIC AGENCY",20012148
EM,01,ANDERSON,20013024
EM,03,CLEGG,20013026
EM,05,"DE MILLE",20013028
EM,06,EASTWOOD,20013030
EM,07,FINLEY,20013032
EM,09,FRYBERGER,20013034
EM,10,HAYDEN,20013036
EM,12,MEAIRS,20013038
EM,14,SCHMITT,20013040
EM,15,SCHROEDER,20013042
EM,16,SEQUOIA,20013044
EM,19,WEBBER,20013046
EM,20,WILLMORE,20013048
EM,31,"JOHNSON MIDDLE",20013050
EM,32,"STACEY INTERMED",20013052
EM,33,WARNER,20013054
EM,50,"LAND PRESCH/INFANT",20013056
EM,52,"VILLAGE VIEW (OCEAN VW)",20013058
EM,53,"VISTA VIEW (OCEAN VW)",20013060
EM,54,"WESTMONT (OCEAN VW)",20013062
EM,NPA,"NON PUBLIC AGENCY",20014382
ER,11,"DO NOT USE -- OBREGON COMMUNITY/TRANSIT",21875326
EX,99,"CALEXICO COMMUNITY",20014324
FB,002,"APTOS HIGH",20013138
FB,004,"WATSONVILLE HIGH",20013140
FB,005,"RENAISSANCE HIGH",20013142
FB,007,"NEW SCHOOL/COMM DAY SCH",20013144
FB,009,"ACADEMIC LEARNING CTR",20013146
FB,010,"ROLLING HILLS MIDDLE",20013148
FB,011,"E A HALL MIDDLE",20013150
FB,012,"APTOS JR HIGH",20013152
FB,014,"LAKEVIEW MIDDLE",20013154
FB,015,"PAJARO MIDDLE",20013156
FB,023,"INDEPENDENT STUDY",20013158
FB,025,"RENAISSANCE HIGH IND STUDY",20012392
FB,029,"ANN SOLDO ELEM",20013160
FB,030,"AMESTI ELEM",20013162
FB,031,"ALIANZA ELEM",20013164
FB,033,"BRADLEY ELEM",20013166
FB,034,"CALABASAS ELEM",20013168
FB,035,"FREEDOM ELEM",20013170
FB,036,"H A HYDE ELEM",20013172
FB,037,"HALL ELEM",20013174
FB,038,"LINSCOTT CHARTER",20013176
FB,039,"MACQUIDDY ELEM",20013178
FB,040,"MAR VISTA ELEM",20013180
FB,041,"MINTIE WHITE ELEM",20013182
FB,043,"RIO DEL MAR ELEM",20013184
FB,044,"STARLIGHT/RISING STAR",20013186
FB,045,"SALSIPUEDES ELEM",20013188
FB,046,"VALENCIA ELEM",20013190
FB,047,"OHLONE ELEM",20013192
FB,048,"PACIFIC COAST CHARTER",20013194
FB,049,"RADCLIFF SD",20013196
FB,050,"WATSONVILLE COMM CTR",20013198
FB,051,"WATSONVILLE CHTR SCH ARTS",20012390
FB,053,"DUNCAN HOLBERT",20013200
FB,054,"COURT/COMMUNITY SCH",20013202
FB,055,"ALTERNATIVE LEARNING CTR",20013204
FB,057,"CABRILLO COLLEGE",20013206
FB,058,"UNSPECIFIED SITE",20013208
FB,065,"CHILD DEVELOPMENT CTRS",20013210
FB,067,"LINSCOTT STATE PRESCH",20013212
FB,068,SAPID,20013214
FB,090,"ADULT ED/EAGLE IND STUDY",20013216
FB,091,"CHARTER SCH OF THE ARTS",20013218
FB,104,"ACADEMIC VOCATIONAL CHTR",20014298
FB,HOME,"HOME BASED STUDENTS",20013220
FB,OTHER,OTHER,20013222
FB,OUT,"OUT OF DISTRICT",20013224
FB,PEPDH,PEPDH,20013226
FB,PEPPM,PEPPM,20013228
FB,PRE,PRESCHOOL,20013230
FB,WCSAR,WCSARTS,20013232
FG,03,"BAY VIEW",20013234
FG,06,CABRILLO,20013236
FG,07,"HAYES EEK",20013238
FG,09,CRUMPTON,20013240
FG,12,"DEL MONTE",20013242
FG,15,"DEL REY WOODS",20013244
FG,18,FOOTHILL,20013246
FG,24,HIGHLAND,20013248
FG,30,"LA MESA",20013250
FG,33,LARKIN,20013252
FG,36,MANZANITA,20013254
FG,39,"MARINA DEL MAR",20013256
FG,42,"MARINA VISTA",20013258
FG,43,"MARINA EEK",20013260
FG,45,MARSHALL,20013262
FG,48,"MONTE VISTA",20013264
FG,54,OLSON,20013266
FG,57,"ORD TERRACE",20013268
FG,66,STILWELL,20013270
FG,71,COLTON,20013272
FG,73,FITCH,20013274
FG,77,"LOS ARBOLES",20013276
FG,79,"KING MIDDLE",20013278
FG,80,"OPPORTUNITY SCH",20013280
FG,81,"CENTRAL COAST HIGH",20013282
FG,84,"MONTEREY HIGH",20013284
FG,85,"INDEPENDENT STUDY",20013286
FG,87,"ANO NUEVO IND STUDY",20013288
FG,88,"SEASIDE HIGH",20013290
FG,89,"SPECIAL EDUCATION",20013292
FG,99,"SEASIDE CHILDREN'S CTR",20013294
FP,NP1,"COLORADO BOYS",20014182
FP,NP10,"OAK GROVE/JACK",20014184
FP,NP11,"HERITAGE CENTER",20014186
FP,NP12,"VISTA DEL MAR",20014188
FP,NP13,"ZINSMEYER ACADEMY",20014190
FP,NP14,"MORNING STAR SCHOOL",20014192
FP,NP15,"ALTON SCHOOL",20014194
FP,NP16,"NEW HAVEN",20014196
FP,NP17,"HILLSIDE EDUCATION CTR",20014198
FP,NP18,"COLLEGE PARK",20014200
FP,NP19,"AVIVA HIGH",20014202
FP,NP2,"ROSSIER SCHOOL",20014204
FP,NP20,"EKO MULTIPURPOSE",20014206
FP,NP21,"ORALINGUA SCHOOL",20014208
FP,NP22,"LINDEN CENTER",20014210
FP,NP23,"TOBIN WORLD",20014212
FP,NP24,"PROVIDENCE SPEECH",20014214
FP,NP25,"VILLAGE GLEN",20014216
FP,NP26,"KEYSTONE ACADEMY",20014218
FP,NP27,"FAMILY LIFE CENTER",20014220
FP,NP28,"DEVEREUX TEXAS",20014222
FP,NP29,"ROSSIER PARK JR/SR",20014224
FP,NP3,"BUENA VISTA SPEECH/LANGUAGE",20014226
FP,NP4,HATHAWAY,20014228
FP,NP5,"NEW SCHOOL FOR",20014230
FP,NP6,SYCAMORES,20014232
FP,NP7,"OPTIMIST HIGH",20014234
FP,NP8,"SOMERSET ED SERVICES",20014236
FP,NP9,"BARBARA DAWSON",20014238
FT,20,"UNNAMED SITE",21875008
FT,500,"PRESCHOOLERS (PER DATABASE)",21875026
FT,KREC,"KINGS RIVER HIGH ED CTR",21875028
FX,22,"SAN YSIDRO MIDDLE (OLD)",20014040
FX,24,"OCEAN VIEW HILLS ELEM",20014042
FX,SES,"STEIN EDUCATION CTR",20014066
GC,DE,"DECOTO ELEM (WAS 17)",20015182
GC,ERV,"EL RANCHO VERDE HIGH (32)",20015188
GG,123,"HOME SCHOOLING",20015250
GG,ABC,"ST. MARKS",20014024
GK,GPT,"GALLAGHER CLINIC",20014022
GN,02,"TEMESCAL HIGH (TE)",20015296
GN,04,"RIVER SCH (RS)",20015298
GN,05,"REDWOOD MIDDLE (RM)",20015300
GN,06,"AMERICAN CYN MIDDLE SCH",20015302
GN,07,"SILVERADO MIDDLE (SM)",20015304
GN,08,"NAPA HIGH (NH)",20015306
GN,09,"VINTAGE HIGH (VH)",20015308
GN,10,"TECHNOLOGY HIGH SCH",20015310
GN,11,"ALTA HEIGHTS ELEM (AH)",20015312
GN,12,"D. T. DAVIS",20015314
GN,13,"BEL-AIRE ELEM (BA)",20015316
GN,15,"BROWNS VALLEY ELEM (BV)",20015318
GN,17,"CAPELL VLY ELEM (CV)",20015320
GN,19,"CARNEROS ELEM (CA)",20015322
GN,24,"DONALDSON WAY ELEM (DW)",20015324
GN,27,"EL CENTRO ELEM (EC)",20015326
GN,30,"HORIZON (TEMESCAL) (HO)",20015328
GN,31,"SECOND CHANCE (TEMESCAL) (SC)",20015330
GN,32,"TEMESCAL INDEPENDENT STUDY",20015332
GN,34,"BRIDGES (BR)",20015334
GN,35,ARCHWAYS,20013970
GN,50,"MCPHERSON ELEM (MP)",20015336
GN,53,"MT. GEORGE ELEM (MG)",20015338
GN,59,"NAPA JUNCTION ELEM (NJ)",20015340
GN,62,"NORTHWOOD ELEM (NW)",20015342
GN,65,"PHILLIPS/EDISON ELEM (PH)",20015344
GN,68,"PUEBLO VISTA ELEM (PV)",20015346
GN,72,"SALVADOR ELEM (SA)",20015348
GN,75,"SHEARER ELEM (SR)",20015350
GN,80,"SNOW ELEM (SN)",20015352
GN,88,"VICHY ELEM (VI)",20015354
GN,91,"WEST PARK ELEM (WP)",20015356
GN,94,"WESTWOOD ELEM (WW)",20015358
GN,96,"WOODEN VLY ELEM (WV)",20015360
GN,98,"YOUNTVILLE ELEM (YO)",20015362
GN,AC,"AMERICAN CYN MID SP ED",20015364
GN,AH,"ALTA HEIGHTS SP ED",20015366
GN,AL,"ALDEA SCH SP ED",20015368
GN,BA,"BEL-AIRE PARK SP ED",20015370
GN,BN,"BROWNS VALLEY (VACAVILLE)",20015372
GN,BO,"BRIAR OAKS",20015374
GN,BV,"BROWNS VALLEY SP ED",20015376
GN,CA,"CARNEROS SP ED",20015378
GN,CC,"COMMUN COLLEGE DT DAVIS SP ED",20015380
GN,CCS,"PROC 65 TRANSPORTATION",20015382
GN,CE,"CALISTOGA ELEM SP ED",20015384
GN,CH,"CALISTOGA HIGH SP ED",20015386
GN,CH02,"CALISTOGA HIGH SCHOOL",20013972
GN,CI,"CHILDRENS CTR IMOLA",20015388
GN,CJ,"CHILDRENS CTR JEFFERSON",20015390
GN,CM,"CASA MONTESSORI",20015392
GN,CN,"CHILDRENS CENTER-NAPA SP ED",20015394
GN,CO,"COMMUN SCH CHAMBERLAIN HS SP ED",20015396
GN,COE,"NAPA COE",20015398
GN,CR,"CROSSROADS SP ED",20015400
GN,CS,"CALISTOGA STATE PRE-SCHOOL",20013974
GN,CU065,"PALISADES HIGH (CALISTOGA)",20015402
GN,CV,"CAPELL VLY ELEM SP ED",20015404
GN,DT,"DAY TREATMENT CTR ADAPT SP ED",20015406
GN,DV,DEVERAU,20015408
GN,DW,"DONALDSON WAY SP ED",20015410
GN,EC,"EL CENTRO SP ED",20015412
GN,ED,"ADULT SCHOOL",20015414
GN,EW,"EDGEWOOD SP ED",20015416
GN,EX,"EXCELSIOR SP ED",20015418
GN,FC,"FULL CIRCLE SP ED",20015420
GN,FF,"FAMILIES FIRST SP ED",20015422
GN,FH,"FOOTHILLS SP ED",20015424
GN,FL,FLORDIA,20015426
GN,HB,"HOPEWELL BAPTIST",20015428
GN,HG,"HIGHLAND SP ED",20015430
GN,HM,"HOWELL MTN. SP ED",20015432
GN,HM751,"HOWELL MTN. ELEM",20015434
GN,HO,"HORIZON SP ED",20015436
GN,HS,"HEADSTART SP ED",20015438
GN,HT,"HOME TEACHING SP ED",20015440
GN,HV,"HOME VISIT SP ED",20015442
GN,ICS,"INTERMEDIATE COMMUNITY SCH",20015444
GN,IL,"INDEPENDENT LIVING SP ED",20015446
GN,IS,"CTR FOR INDEP STUDIES SP ED",20015448
GN,ISCS,"INDEPENDENT STUDY COURT SCHLS",20015450
GN,JCCS,"JUVENILE COURT COMMUNITY SCHLS",20015452
GN,JH,"JUVENILE HALL SP ED",20015454
GN,JS,"JUSTIN SIENNA SP ED",20015456
GN,KA,"KOLBE ACADEMY SP ED",20015458
GN,LA,LATICE,20015460
GN,LF,"LITTLE FRIENDS PRESCH SP ED",20015462
GN,MA,"MONARCH ACADEMY SP ED",20015464
GN,MF,"MONTESSORI FC ST HELENA SP ED",20015466
GN,MG,"MOUNT GEORGE ELEM",20015468
GN,MH,"MADRONE HIGH SP ED",20015470
GN,MN,"SAINT MARTIN'S",20015472
GN,MO,"MONTICELLO SP ED",20015474
GN,MP,MCPHERSON,20015476
GN,MR,"SUNRISE MONTESSORI SP ED",20015478
GN,MS,"MONTESSORI SP ED",20015480
GN,NA,"NAPA ADVENTIST JR ACAD SP ED",20015482
GN,NC,"NAPA VALLEY CHRISTIAN ACADEMY",20015484
GN,NH,"NAPA HIGH (08) SP ED",20015486
GN,NI,"NAPA INFANT PROGRAM SP ED",20015488
GN,NJ,"NAPA JUNCTION SP ED",20015490
GN,NN,"NEW HORIZON",20013976
GN,NP,"NON-PUBLIC SCH SP ED",20015492
GN,NS,"NAPA STATE HOSPITAL SP ED",20015494
GN,NV,"NORTH VLY SCH/SANTA ROSA SP ED",20015496
GN,NW,"NORTHWOOD ELEM",20015498
GN,OF,"OUR FAMILY SP ED",20015500
GN,PA,"PALISADES HIGH SP ED",20015502
GN,PC,"PENNY COOK, VALLEJO SP ED",20015504
GN,PH,"PHILLIPS SP ED",20015506
GN,PI,"PINEHURST SP ED",20015508
GN,PM,"PINE MEADOWS SP ED",20015510
GN,PO,"POPE VALLEY",20015512
GN,PR,"PRIVATE SCHOOL",20013978
GN,PS,"PRESCHOOL SPEECH ONLY SP ED",20016790
GN,PU,"PACIFIC UNION COLLEGE SP ED",20016792
GN,PV,"PUEBLO VISTA SP ED",20016794
GN,RL,"ROBERT LOUIS STEVENSON SP ED",20016796
GN,RM,"REDWOOD MIDDLE SCH",20016798
GN,RO,"RIVER OAKS, SACRAMENTO SP ED",20016800
GN,RS,"RIVER SCHOOL SP ED",20016802
GN,RW,"ROCKWOOD CHRISTIAN",20016804
GN,SA,"SALVADOR (82) SP ED",20016806
GN,SB,"CALIF SCH FOR THE BLIND SP ED",20016808
GN,SC,"SECOND CHANCE SP ED",20016810
GN,SCS,"SECONDARY COMMUNITY SCH",20016812
GN,SD,"CALIF SCH FOR THE DEAF SP ED",20016814
GN,SE,"ST. HELENA ELEM SP ED",20016816
GN,SH,"ST. HELENA HIGH SP ED",20016818
GN,SHP,"ST. HELENA PRIMARY",20016820
GN,SJ,"ST. JOHN'S CATHOLIC SP ED",20016822
GN,SK,"SKYLINE HS SP ED",20016824
GN,SL,"ST. JOHN'S LUTHERAN SP ED",20016826
GN,SM,"SILVERADO MIDDLE SP ED",20016828
GN,SN,"SNOW SP ED",20016830
GN,SP,"ST. HELENA PAROCHIAL SP ED",20016832
GN,SR,"SHEARER SP ED",20016834
GN,ST,"ST. APOLLINARIS SP ED",20016836
GN,SU,"SUNNY HILLS SP ED",20016838
GN,SV,"ST. VINCENT'S SP ED",20016840
GN,TA,TRINITY,20016842
GN,TE,"TEMESCAL HIGH SP ED",20016844
GN,TH,"TECHNOLOGY HIGH SP ED",20016846
GN,TL,"TRUE TO LIFE COUNCIL SP ED",20016848
GN,TP,"TEEN PARENT PROGRAM SP ED",20016850
GN,TR,"TR PRIVATE SCHOOL",20016852
GN,VH,"VINTAGE HIGH (09)",20016854
GN,VI,"VICHY SP ED",20016856
GN,VL,"VILLAGE HIGH SP ED, VALLEJO",20016858
GN,W2,"NAPA PRESCHOOL PROGRAM",20016860
GN,WI,"WINTUN/SDC SP ED",20016862
GN,WL,"WINTUN/LANG & LEARNING SP ED",20016864
GN,WP,"WEST PARK (91) SP ED",20016866
GN,WR,"WINTUN/RESOURCE SP ED",20016868
GN,WV,"WOODEN VLY ELEM SP ED",20016870
GN,WW,"WESTWOOD SP ED",20016872
GN,YO,"YOUNTVILLE ELEM SP ED",20016874
GQ,001,"ALISAL COMMUNITY YR (010)",20012368
GQ,002,"BARDIN ELEM (020)",20012370
GQ,003,"FREMONT ELEM (030)",20012372
GQ,004,"JESSE SANCHEZ SCH (040)",20012374
GQ,005,"FRANK PAUL ELEM (050)",20012376
GQ,006,"VIRGINIA ROCCA BARTON YR (060)",20012378
GQ,007,"JOHN STEINBECK SCH (070)",20012380
GQ,008,"OSCAR LOYA SCH (011)",20012382
GQ,009,"CESAR CHAVEZ SCH (080)",20012384
GQ,010,"CREEKSIDE ELEM YR (090)",20012386
GQ,011,"MARTIN LUTHER KING (012)",20012388
GS,00,"UNIDENTIFIED SITE",20016928
GV,10,"CANYON ELC 10",20012306
GV,20,"CANYON ELC 20",20016990
GV,30,"CANYON ELC 30",20012310
GV,40,"CANYON ELC 40",20012312
GV,50,"CANYON ELC 50",20012314
HA,22,"SUMMER SCHOOL",20017116
HA,35,"HOME INSTRUCTION",20012300
HA,36,"SUMMER SCHOOL",20017118
HA,800,"CONSOLIDATED SCHOOL",20017120
HB,004,"RIDGEWAY OPPORTUNITY",20012232
HB,LAT,"LATTICE (NPS) 113",20012296
HD,BLUE,"BLUE HERON (LLH)",20017164
HD,GENES,"GENESIS ACADEMY",20017166
HR,372,"EL POTRERO ELEM",20012464
HZ,TOPS,TOPS,20012500
IA,9013,"LONG TERM HOSPITAL",20012152
IA,9036,"SIERRA MOUNTAIN INDEP. STUDY",20012154
IK,99,"OUT OF DISTRICT",20012552
IO,143,"ED DONALDSON ALT",20011638
IO,160,"RIVIERA ELEM SCH",20012564
IR,101,"PARTTIME PRESCHOOL",20011630
JC,CCSNH,"CCS NORTH HAVEN",20011592
JC,PCTAL,"TALMAGE STATE PRESCHOOL",20012802
JC,UK40,"UKIAH PRIVATE SCHS",20012838
JD,01027,"DIABLO VISTA ELEM",20011332
JD,01102,"BIDWELL ELEM",20011334
JD,01103,"FREMONT ELEM",20011336
JD,01104,"KIMBALL ELEM",20011338
JD,01105,"MARSH ELEM",20011340
JD,01108,"TURNER ELEM",20011342
JD,01111,"ANTIOCH MIDDLE",20011344
JD,01116,"MISSION ELEM (NEW)",20011346
JD,01150,"BELSHAW ELEM",20011348
JD,01230,"ENCORE HOME SCHOOLING",20011350
JD,01450,"LONE TREE ELEM (WAS LCC)",20011352
JD,01550,"BLACK DIAMOND MIDDLE",20011354
JD,01600,"DALLAS RANCH MIDDLE",20011356
JD,01650,"PARK MIDDLE",20011358
JD,11001,"ALAMO SCH",20011488
JD,11002,"BOLLINGER CANYON SCH",20011490
JD,11003,"CALIFORNIA HIGH SCH",20011492
JD,11004,"CHARLOTTE WOOD MIDDLE",20011494
JD,11005,"COUNTRY CLUB SCH",20011496
JD,11006,"DEL AMIGO HIGH SCH",20011498
JD,11007,"GOLDEN VIEW ELEM",20011500
JD,11008,"GREEN VALLEY ELEM",20011502
JD,11009,"GREENBROOK ELEM",20011504
JD,11010,"JOHN BLADWIN ELEM",20011506
JD,11011,"LOS CERROS MIDDLE",20011508
JD,11012,"MONTAIR ELEM",20011510
JD,11013,"MONTE VISTA HIGH",20011512
JD,11014,"MONTEVIDEO ELEM",20011514
JD,11015,"NEIL ARMSTRONG ELEM",20011516
JD,11016,"PINE VALLEY INTERMEDIATE",20011518
JD,11017,"RANCHO ROMERO ELEM",20011520
JD,11018,"SAN RAMON ADULT EDUC",20011522
JD,11019,"SAN RAMON VALLEY HIGH",20011524
JD,11020,"STONE VALLEY MIDDLE",20011526
JD,11021,"SYCAMORE ELEM",20011528
JD,11022,"TWIN CREEKS ELEM",20011530
JD,11023,"VENTURE INDEPENDENT SCH",20011532
JD,11024,"VISTA GRANDE ELEM",20011534
JD,11025,"WALT DISNEY ELEM",20011536
JD,11026,"DIABLO VISTA MIDDLE",20011538
JD,12001,"BUENA VISTA ELEM",20011542
JD,12002,"INDIAN VALLEY ELEM",20011544
JD,12003,"MUIRWOOD ELEM",20011546
JD,12004,"PARKMEAD ELEM",20011548
JD,12005,"WALNUT HEIGHTS ELEM",20011550
JD,12006,"WALNUT CREEK INTERMEDIATE",20011552
JG,CUH,"CENTRAL UNION HIGH",20011304
JG,DOH,"DESERT OASIS HIGH",20011306
JG,SWH,"SOUTHWEST HIGH",20011308
JN,10,"JULIAN EL",20014654
JN,15,"JULIAN JR HI",20014656
JQ,01,"PATTERSON HIGH",20014684
JQ,02,"CREEKSIDE MIDDLE",20014686
JQ,03,NORTHMEAD,20014688
JQ,04,"LAS PALMAS",20014690
JQ,05,GRAYSON,20014692
JQ,06,"RISING SUN",20014694
JQ,07,"INDEPENDENT STUDY",20014696
JQ,08,"ADULT EDUCATION",20014698
JQ,09,"DEL PUERTO HIGH",20014700
JQ,11,"HARNEY (CLOSED)",20014702
JQ,13,"PRESCHOOL, ALL SITES",20014704
KA,ACAD,"ACADEMY 032",20011270
KA,C2K,"CHOICE 2000 ONLINE",20014844
KA,CDS,"COMMUNITY DAY SCH ACAD",20014846
KA,SED,"PERRIS HIGH SCH SPEC ED",20014862
KC,29,"ESPERANZA EE",20011266
KC,99,"UNKNOWN SITE",20014886
KF,BA03,BAYSIDE/MLK,20014900
KF,NB04,"NORTH BAY",20014902
KH,06,"DISTRICT OFFICE",20014904
KH,10,"CHESTER JR/SR HIGH",20014906
KH,11,"CHESTER ELEM",20014908
KH,20,"GREENVILLE HIGH",20014910
KH,21,"GREENVILLE ELEM",20014912
KH,31,"PIONEER ELEM",20014914
KH,40,"PORTOLA HIGH",20014916
KH,42,"FEATHER RIVER MIDDLE",20014918
KH,43,"CARMICHAEL ELEM",20014920
KH,44,"PORTOLA COMM DAY (INACTIVE)",20014922
KH,50,"QUINCY JR/SR HIGH",20014924
KH,51,"QUINCY ELEM",20014926
KH,52,"QUINCY SP ED PRESCH",20014928
KH,71,"TAYLORSVILLE ELEM",20014930
KH,80,"SIERRA HIGH SCH",20014932
KH,81,"ALMANOR HIGH SCH",20014934
KH,82,"INDIAN VALLEY HIGH",20014936
KH,84,"BECKWOURTH HIGH SCH",20014938
KH,COPP,"CHESTER OPPORTUNITY",20011260
KH,GOPP,"GREENVILLE OPPORTUNITY",20011262
KH,INF,"INFANT PROGRAM",20014940
KH,NPS,"NON PUBLIC SCHOOL",20014942
KH,PCCS,"PLUMAS CO. COMMUNITY SCH",20011264
KL,CVL,"COLEVILLE HIGH     33006",20016484
KR,01,"MENIFEE ELEM",20016560
KR,02,"MENIFEE VALLEY MIDDLE",20016562
KR,03,"CHESTER W MORRISON",20016564
KR,04,"CALLIE KIRKPATRICK",20016566
KR,05,"RIDGEMOOR ELEM",20016568
KS,CCCS,"CHILDRENS COMM CHARTER",20016570
KS,CDC,"COMMUNITY DAY SCH",20016572
KS,CW,"CEDARWOOD ELEM",20016574
KS,DIST,"PARADISE USD",20016576
KS,HTECH,"HOMETECH CHARTER",20016578
KS,ILC,"INDEPENDT LEARNING CTR",20016580
KS,INT,"PARADISE INTERMED",20016582
KS,MRMS,"MTN RIDGE MID SCH",20016584
KS,PAREL,"PARADISE ELEMENTARY",20016586
KS,PCMS,"PARADISE CHARTER MID SCH",20016588
KS,PCN,"PARADISE CHARTER NTWK",20016590
KS,PES,"PONDEROSA ELEMENTARY",20016592
KS,PHS,"PARADISE HIGH",20016594
KS,PINES,"PINES ELEM",20016596
KS,PIS,"PARADISE INTERMED",20016598
KS,PON,"PONDEROSA ELEM",20016600
KS,RDGV,"RIDGEVIEW CONT HIGH",20016602
KT,20742,GRAVENSTEIN,20016608
KT,20759,HILLCREST,20016610
KT,38890,WILLOWSIDE,20016624
KT,44567,"WSC SPEC ED CONSORTIUM",20011246
KT,51245,"SEBASTOPOL CHARTER",20016632
KT,53140,"APPLE BLOSSOM",20016634
KT,53222,"ORCHARD VIEW",20011248
KT,53456,"SUN RIDGE",20011250
KT,SHSDC,"SEV HANDICAPPED SDC",20016646
KU,AE,"APPLEBY ELEM",20016648
KU,BMS,"BLYTHE MIDDLE SCH",20016650
KU,CEC,"CALLISON ED CTR",20016652
KU,HS,"HEAD START",20016654
KU,MWE,"MARGARET WHITE ELEM",20016656
KU,PVH,"PALO VERDE HIGH",20016658
KU,RBE,"RUTH BROWN ELEM",20016660
KU,TPC,"TWIN PALMS CONTIN",20016662
KU,UNK,"UNSPECIFIED SITE",20016664
KX,346,ROMOLAND,20016666
KX,348,"HARVEST VALLEY",20016668
KX,349,HEADSTART,20016670
KX,RCOE,"RIVERSIDE COE TRANSP",20016672
KY,BEAT,"BEATTY ELEM",20016674
KY,BPJH,"BUENA PARK JR HI",20016676
KY,CORE,"COREY ELEM",20016678
KY,EMER,"EMERY ELEM",20016680
KY,GILB,"GILBERT ELEM",20016682
KY,PEND,"PENDLETON ELEM",20016684
KY,WHIT,"WHITAKER ELEM",20016686
LB,78,"SPECIAL PROJECTS SVCS",20010492
LB,90,"HEAD START",20010498
LB,98,"STOREFRONT/STU SUPT SVC",20010500
NA,TEST,"NATOMAS USD TEST SCHOOL",21874584
OC,01737,HEIDEMAN,20016702
OC,02867,KEY,20016704
OC,03584,"VENADO D/HH",20016706
OC,03592,DANA,20016708
OC,04111,CULVERDALE,20016710
OC,11110,FOXBOROUGH,20016712
OC,11111,REILLY,20016714
OC,11112,NEWHART,20016716
OC,11113,"MEADOW PARK",20016718
OC,11114,"ORANGE COAST COLLEGE",20016720
OC,11117,DHH-CAP,20016722
OC,11118,"MISSION VIEJO SP CL",20016724
OC,11119,HILLVIEW,20016726
OC,11120,"COSTA MESA HS",20016728
OC,11123,CALIFORNIA,20016730
OC,11128,GOLDENWEST,20016732
OC,11129,"RANCHO SAN JOAQUIN",20016734
OC,11197,"SADDLEBACK ATP",20016736
OC,22219,"OCDE REG  DHH-LOS AL",20016738
OC,22220,"IRVINE HS",20016740
OC,30269,"UNIVERSITY D/HH",20016742
OC,96184,"DEERFIELD D/HOH",20016744
OX,AB26,AB2666,20016746
OX,ASSI,"ASSISTANCE LEAGUE",20016748
OX,BREK,"BREKKE                 (002/3)",20016750
OX,BRIG,"BRIGHTON ACADEMY       (NPA)",20016752
OX,CASA,"CASA PACIFICA          (NPA)",20016754
OX,CHAV,"CHAVEZ                 (025)",20016756
OX,CURR,"CURREN                 (005)",20016758
OX,DRIF,"DRIFFILL               (010)",20016760
OX,ELM,"E.L.M.                 (015)",20016762
OX,FRAN,"FRANK                  (085)",20016764
OX,FREM,"FREMONT                (065)",20016766
OX,HARR,"HARRINGTON             (020)",20016768
OX,HAYD,"HAYDOCK                (070)",20016770
OX,HERI,"HERITAGE               (NPA)",20016772
OX,HOME,"HOME TEACHING",20016774
OX,INDE,"INDEPENDENT STUDY",20016776
OX,INFA,INFANT,20016778
OX,JAME,"JAMESON                (NPA)",20016780
OX,KAMA,"KAMALA                 (030)",20016782
OX,LEMO,"LEMONWOOD              (035)",20016784
OX,MARI,"MARINA WEST            (040)",20016786
OX,MCAU,"MCAULIFFE              (043)",20018282
OX,MCKI,"MCKINNA                (045)",20018284
OX,NUEV,"NUEVA VISTA            (075)",20018286
OX,RAMO,RAMONA,20018288
OX,RITC,"RITCHEN                (050)",20018290
OX,ROSE,"ROSE AVENUE            (055)",20018292
OX,SANM,"SAN MIGUEL             (080)",20018294
OX,SIER,"SIERRA LINDA           (060)",20018296
OX,VIIT,"VI ITINERANT",20018298
OX,WEST,WEST,20018300
PV,002,"APTOS HIGH",20011094
PV,004,"WATSONVILLE HIGH",20011096
PV,005,"RENAISSANCE HIGH",20011098
PV,007,"NEW SCHOOL/COMM DAY SCH",20011100
PV,010,"ROLLING HILLS MIDDLE",20011104
PV,011,"E A HALL MIDDLE",20011106
PV,012,"APTOS JR HIGH",20011108
PV,014,"LAKEVIEW MIDDLE",20011110
PV,015,"PAJARO MIDDLE",20011112
PV,023,"INDEPENDENT STUDY",20011114
PV,025,"RENAISSANCE HIGH IND STUDY",20011116
PV,029,"ANN SOLDO ELEM",20011118
PV,030,"AMESTI ELEM",20011120
PV,031,"ALIANZA ELEM",20011122
PV,033,"BRADLEY ELEM",20011124
PV,034,"CALABASAS ELEM",20011126
PV,035,"FREEDOM ELEM",20011128
PV,036,"H A HYDE ELEM",20011130
PV,037,"HALL ELEM",20011132
PV,038,"LINSCOTT CHARTER",20011134
PV,039,"MACQUIDDY ELEM",20011136
PV,040,"MAR VISTA ELEM",20011138
PV,041,"MINTIE WHITE ELEM",20011140
PV,043,"RIO DEL MAR ELEM",20011142
PV,044,"STARLIGHT/RISING STAR",20011144
PV,046,"VALENCIA ELEM",20011148
PV,047,"OHLONE ELEM",20011150
PV,048,"PACIFIC COAST CHARTER",20011152
PV,049,"RADCLIFF SD",20011154
PV,050,"WATSONVILLE COMM CTR",20011156
PV,051,"WATSONVILLE CHTR SCH ARTS",20011158
PV,053,"DUNCAN HOLBERT",20011160
PV,054,"COURT/COMMUNITY SCH",20011162
PV,055,"ALTERNATIVE LEARNING CTR",20011164
PV,057,"CABRILLO COLLEGE",20011166
PV,058,"UNSPECIFIED SITE",20011168
PV,091,"CHARTER SCH OF THE ARTS",20011178
PV,OTHER,OTHER,20011184
PV,OUT,"OUT OF DISTRICT",20011186
PV,PEPDH,PEPDH,20011188
PV,PEPPM,PEPPM,20011190
PV,PRE,PRESCHOOL,20011192
PV,WCSAR,WCSARTS,20011194
RB,008,"ALTA VISTA",20018318
RB,020,"ADAMS MIDDLE",20018320
RB,024,BERYL,20018322
RB,032,BIRNEY,20018324
RB,050,PARRAS,20018326
RB,091,"REDONDO SHORES (090)",20018328
RB,099,JEFFERSON,20018330
RB,107,LINCOLN,20018332
RB,115,MADISON,20018334
RB,149,TULITA,20018336
RB,156,WASHINGTON,20018338
RB,904,"REDONDO HIGH (143)",20018340
SD,003,003,21875764
SD,004,004,21875766
SD,007,007,21875768
SD,008,008,21875770
SD,009,009,21875772
SD,011,011,21875774
SD,013,013,21875776
SD,017,017,21875778
SD,018,018,21875780
SD,021,021,21875782
SD,023,023,21875784
SD,026,026,21875786
SD,029,029,21875788
SD,031,031,21875790
SD,033,033,21875792
SD,039,039,21875794
SD,041,041,21875796
SD,043,043,21875798
SD,044,044,21875800
SD,055,055,21875802
SD,057,057,21875804
SD,059,059,21875806
SD,060,060,21875808
SD,061,061,21875810
SD,062,062,21875812
SD,063,063,21875814
SD,065,065,21875816
SD,068,068,21875818
SD,073,073,21875820
SD,074,074,21875822
SD,075,075,21875824
SD,076,076,21875826
SD,077,077,21875828
SD,078,078,21875830
SD,079,079,21875832
SD,080,080,21875834
SD,082,082,21875836
SD,085,085,21875838
SD,086,086,21875840
SD,087,087,21875842
SD,089,089,21875844
SD,090,090,21875846
SD,091,091,21875848
SD,092,092,21875850
SD,093,093,21875852
SD,095,095,21875854
SD,103,103,21875856
SD,105,105,21875858
SD,107,107,21875860
SD,111,111,21875862
SD,113,113,21875864
SD,115,115,21875866
SD,119,119,21875868
SD,121,121,21875870
SD,123,123,21875872
SD,124,124,21875874
SD,125,125,21875876
SD,127,127,21875878
SD,128,128,21875880
SD,130,130,21875882
SD,131,131,21875884
SD,134,134,21875886
SD,135,135,21875888
SD,136,136,21875890
SD,137,137,21875892
SD,139,139,21875894
SD,141,141,21875896
SD,143,143,21875898
SD,144,144,21875900
SD,147,147,21875902
SD,149,149,21875904
SD,150,150,21875906
SD,153,153,21875908
SD,155,155,21875910
SD,156,156,21875912
SD,157,157,21875914
SD,159,159,21875916
SD,160,160,21875918
SD,161,161,21875920
SD,162,162,21875922
SD,165,165,21875924
SD,166,166,21875926
SD,167,167,21875928
SD,169,169,21875930
SD,170,170,21875932
SD,171,171,21875934
SD,173,173,21875936
SD,175,175,21875938
SD,177,177,21875940
SD,179,179,21875942
SD,181,181,21875944
SD,185,185,21875946
SD,195,195,21875948
SD,197,197,21875950
SD,199,199,21875952
SD,201,201,21875954
SD,203,203,21875956
SD,206,206,21875958
SD,208,208,21875960
SD,210,210,21875962
SD,212,212,21875964
SD,214,214,21875966
SD,215,215,21875968
SD,217,217,21875970
SD,218,218,21875972
SD,219,219,21875974
SD,220,220,21875976
SD,221,221,21875978
SD,222,222,21875980
SD,223,223,21875982
SD,225,225,21875984
SD,227,227,21875986
SD,229,229,21875988
SD,230,230,21875990
SD,235,235,21875992
SD,236,236,21875994
SD,237,237,21875996
SD,238,238,21875998
SD,243,243,21876000
SD,247,247,21876002
SD,249,249,21876004
SD,253,253,21876006
SD,254,254,21876008
SD,255,255,21876010
SD,256,256,21876012
SD,259,259,21876014
SD,261,261,21876016
SD,263,263,21876018
SD,269,269,21876020
SD,274,274,21876022
SD,277,277,21876024
SD,279,279,21876026
SD,280,280,21876028
SD,283,283,21876030
SD,284,284,21876032
SD,285,285,21876034
SD,287,287,21876036
SD,289,289,21876038
SD,291,291,21876040
SD,293,293,21876042
SD,295,295,21876044
SD,297,297,21876046
SD,302,302,21876048
SD,303,303,21876050
SD,304,304,21876052
SD,305,305,21876054
SD,306,306,21876056
SD,307,307,21876058
SD,308,308,21876060
SD,310,310,21876062
SD,311,311,21876064
SD,312,312,21876066
SD,313,313,21876068
SD,315,315,21876070
SD,316,316,21876072
SD,317,317,21876074
SD,319,319,21876076
SD,320,320,21876078
SD,321,321,21876080
SD,322,322,21876082
SD,323,323,21876084
SD,324,324,21876086
SD,325,325,21876088
SD,326,326,21876090
SD,327,327,21876092
SD,328,328,21876094
SD,329,329,21876096
SD,330,330,21876098
SD,331,331,21876100
SD,332,332,21876102
SD,336,336,21876104
SD,338,338,21876106
SD,339,339,21876108
SD,341,341,21876110
SD,342,342,21876112
SD,343,343,21876114
SD,346,346,21876116
SD,348,348,21876118
SD,349,349,21876120
SD,350,350,21876122
SD,352,352,21876124
SD,353,353,21876126
SD,354,354,21876128
SD,355,355,21876130
SD,357,357,21876132
SD,359,359,21876134
SD,361,361,21876136
SD,362,362,21876138
SD,364,364,21876142
SD,365,365,21876144
SD,366,366,21876146
SD,367,367,21876148
SD,368,368,21876150
SD,369,369,21876152
SD,3713,3713,21876162
SD,3717,3717,21876164
SD,3718,3718,21876166
SD,373,373,21876168
SD,376,376,21876190
SD,377,377,21876192
SD,378,378,21876194
SD,382,382,21876196
SD,386,386,21876198
SD,389,389,21876200
SD,395,395,21876202
SD,396,396,21876204
SD,438,438,21876206
SD,439,439,21876208
SD,479,479,21876210
SD,500,500,21876212
SD,503,503,21876214
SD,637,637,21876216
SD,667,667,21876218
SD,702,702,21876220
SD,703,703,21876222
SD,704,704,21876224
SD,705,705,21876226
SD,712,712,21876228
SD,713,713,21876230
SD,714,714,21876232
SD,715,715,21876234
SD,717,717,21876236
SD,718,718,21876238
SD,719,719,21876240
SD,722,722,21876242
SD,733,733,21876244
SD,734,734,21876246
SD,735,735,21876248
SD,736,736,21876250
SD,744,744,21876252
SD,745,745,21876254
SD,746,746,21876256
SD,747,747,21876258
SD,749,749,21876260
SD,750,750,21876262
SD,753,753,21876264
SD,777,777,21876266
SD,783,783,21876268
SD,785,785,21876270
SD,791,791,21876272
SD,793,793,21876274
SD,SDUS,SDUS,21876276
SF,FMC,"MARTIN (FLORENCE) CDC",20010824
SF,MAT,"MCAULEY ADOLESCENT TRMT CTR",20010844
SF,REN,"RENO, NEV",20010984
SF,SPE,"SPECTRUM CENTER",20010410
SF,YMC,"YMCA MISSION",20010418
SS,2100,"GREG KIMBERLIN PHD",21874524
SS,3100,"FIVE ACRES",21874526
SS,4100,"MAXIM HEALTHCARE SVCS",21874528
SS,5100,TOBINWORLD,21874530
TC,CLC,CLC,20010402
TD,BELL,BELLEVUE,20018380
TD,BSCOE,"SONOMA COE - BELLVUE",20010378
TD,JXW,"J. X. WILSON",20018382
TD,KAWA,KAWANA,20018384
TD,MEAD,"MEADOW VIEW",20018386
TD,RLS,"R.L. STEVENS",20018388
TD,ROSE,ROSELAND,20018390
TD,RSCOE,"SONOMA COE - ROSELAND",20010380
TD,SHEP,SHEPPARD,20018392
TD,WRIG,WRIGHT,20018394
TD,WSCOE,"SONOMA COE - WRIGHT",20010382
UP,19,PRESCHOOL,21876810
WM,01,ANDERSON,20010332
WM,03,CLEGG,20010334
WM,05,"DE MILLE",20010336
WM,06,EASTWOOD,20010338
WM,07,FINLEY,20010340
WM,09,FRYBERGER,20010342
WM,10,HAYDEN,20010344
WM,12,MEAIRS,20010346
WM,14,SCHMITT,20010348
WM,15,SCHROEDER,20010350
WM,16,SEQUOIA,20010352
WM,19,WEBBER,20010354
WM,20,WILLMORE,20010356
WM,31,"JOHNSON MIDDLE",20010358
WM,32,"STACEY INTERMED",20010360
WM,33,WARNER,20010362
WU,CCCS,"CALI CALMECAC CHARTER",20010320
XX,01,Gullickson,20018456
XX,03,Rose,20018426
XX,05,Hicks,20018428
XX,06,Curtis,20018430
XX,07,Reddig,20018432
XX,09,Oura,20018434
XX,10,LaFlamme,20018436
XX,12,Pitcher,20018438
XX,14,Delucchi,20018440
XX,15,Mori,20018442
XX,16,Dale,20018444
XX,19,Chen,20018446
XX,20,Griffin,20018448
XX,31,Grover,20018450
XX,32,Belden,20018452
XX,33,Hunter,20018454
