LEA,CODE,NAME,UNIQUE
AK,96569,"VALLEY ELEMENTARY CS",
AK,96570,"KEYSTONE HIGHLANDER",
AK,96646,"ARLINGTON REGIONAL LRNG CTR",
AK,97017,AMISTAD,
AK,97018,"ROB REINER CALSAFE",
AK,97019,"VAL VERDE CALSAFE",
AK,98523,"CASA PACIFICA",
AK,98527,"CHILDHELP SCHOOL",
AK,98528,"CHARIS YOUTH CENTER",
AK,98529,"HIGHLANDER KEYS",
AK,98530,"NEW BRIDGE",
AK,98531,"DEVEREUX TEXAS TREATMENT",
AK,98532,"EXCELSIOR ACADEMY",
AK,98533,"SPEECH & LANGUAGE DEV CTR",
AK,98534,"SAN DIEGO CENTER FOR CHILDREN",
AK,98536,SEASTAR,
AK,98537,"MILHOUS SCHOOL INC",
AK,98538,"JOAN MACY SCHOOL",
AK,98539,"RIVERSIDE KEYS",
AK,98544,"SHILOH TREATMENT CENTER",
AK,98546,"CCHAT CENTER-SAN DIEGO",
AK,98547,"HEMET KEYS",
AK,98549,"G T KEYS",
AK,98550,"ONTARIO KEYS",
AK,98552,"DHS KEYS",
AK,98555,"BLIND CHILDREN'S LRNG CTR",
AK,98556,"SANTA BARBARA DEVERUEX",
AK,98557,"SUMMIT VIEW SCHOOL",
AK,98559,"VISTA DEVERUEX",
AK,98561,"SOM ACADEMY",
AK,98566,"THE COUNTRY SCHOOL",
AK,98567,"COPPER HILLS YOUTH CTR",
AK,98568,"PYRAMID AUTISM CENTER",
AK,98569,"SIERRA ACADEMY",
AK,98570,"CITRUS CANYON HIGH SCHOOL",
AK,98571,"ASPEN RANCH SCHOOL",
AK,98592,"ALEX CENTER",
AK,98599,"ENCINITAS LEARNING CTR",
AK,98600,"AES-ANZA ACADEMIC/VOC ACAD",
AK,98601,"HARBOR WOOD SERVICES",
AK,98602,"MARJORIE COOK EDUCATION CTR",
AK,98610,"BANYAN TREE DAY SCHOOL",
AK,98760,"THE LEARNING CENTER",
AK,99001,"EAGLES PEAK CHARTER SCH",
AK,99010,"ALT. ED. CENTER",
AK,99028,"SAN GORGONIO MIDDLE SCH",
AK,99030,"MILO P JOHNSON CENTER",
AK,99032,"MT. SAN JAC COLLEGE",
AK,99036,"WELLWOOD ELEMENTARY",
AK,99037,WELLWOOD-AUT,
AK,99040,"MT VIEW MS",
AK,99043,"BEAUMONT HS",
AK,99069,"DESERT MIRAGE HS",
AK,99086,"ORTEGA HS",
AK,99097,"FRENCH VALLEY ELEM",
AK,99105,"GARDNER MS",
AK,99115,"SKY VIEW ELEMENTARY",
AK,99121,"RAILWAY ELEMENTARY",
AK,99143,"WILDOMAR ELEM",
AK,99151,"TORO CANYON MS",
AK,99156,"ACACIA MS",
AK,99166,"WINCHESTER ELEM",
AK,99167,"BOBBY DUKE MS",
AK,99178,"UNKNOWN SITE OR PROGRAM",
AK,99182,"PACIFIC ELEMENTARY",
AK,99195,"PATRIOT HS",
AK,99198,"YSABEL BARNETT ELEM",
AK,99199,"ENCHANTED HILLS ELEM",
AK,99200,"RED MAPLE ES",
AK,99205,FOOTHILL-AUT,
AK,99234,"YSMAEL VILLEGAS MS",
AK,99238,"MT. SHADOWS MS",
AK,99240,"STOKOE ELEM-AUT",
AK,99320,"CITRUS HILLS HS",
AK,99346,"ROMOLAND ELEM",
AK,99353,"RANCHO ELEMENTARY SCH",
AK,99358,"SAN JACINTO HS",
AK,99371,"VICTORIANO ELEM",
AK,99445,"WARM SPRINGS MS",
AK,99503,"WILLIAM COLLIER-DHS",
AK,99532,"YSMAEL VILLEGAS-AUT",
AK,99608,"ARLINGTON LEARNING CTR",
AK,99799,RCOE-INDIO,
AK,99850,"ROB REINER FACILITY",
AK,99851,"ROB REINER-AUT",
AK,99852,"STOKOE ELEM",
AK,99900,"CAL BAPTIST UNIV",
AM,ACE,"ACE CHARTER SCHOOL",
AM,ADE,"ANNE DARLING ELEM",
AM,AHI,"ANDREW HILL HIGH",
AM,ALUM,"ALUM ROCK UNION ELEM SD",
AM,APA,"ALTERNATE PLACEMENT ACAD",
AM,ARG,"ARGONAUT ELEM",
AM,ATH,"ATHENOUR ELEM",
AM,BAC,"BACHRODT ELEM",
AM,BAG,"BAGBY ELEM",
AM,BCS,"BRIDGE COMMUNITY SCH",
AM,BER,"BERRYESSA UNION ELEM SD",
AM,BIL,"BILL WILSON",
AM,BRR,"BLUE RIDGE RANCH",
AM,BUL,"BULLIS CHARTER",
AM,CAE,"CASTRO ELEMENTARY",
AM,CCE,"CAROLINE CLARK ELEM",
AM,CHH,"CHRISTOPHER HIGH SCH",
AM,CMS,"CAMPBELL MIDDLE SCHOOL",
AM,CON,"CONNECT EAST",
AM,COR,"CORY BENJAMIN ELEM & POST SEC",
AM,CRC,"CHILDREN'S RECOVERY CENTER",
AM,EMP,"EMPIRE GARDENS",
AM,ERK,ERIKSON,
AM,EVR,"EVERGREEN HS",
AM,FAI,"FAIR MIDDLE",
AM,FOR,"FOREST HILLS",
AM,FOU,"FOUNDRY SCHOOL",
AM,HUB,"HUBBARD ELEM",
AM,IDJ,"IDA JEW ELEM",
AM,JLI,"JAMES LICK HS",
AM,JOH,"JOHN MUIR ELEM",
AM,LAK,"LAKEWOOD ELEM",
AM,LEAD,"LEADERSHIP HIGH SCHOOL",
AM,LEARN,LEARN,
AM,LTZ,"LIETZ ELEM",
AM,LYN,"LYNNHAVEN ELEM",
AM,MKE,MCKENNA,
AM,MLD,"MORELAND MIDDLE",
AM,MLL,"MORRILL MIDDLE",
AM,MON,MONTAGUE,
AM,MTC,MONTICELLO,
AM,MUR,"MURIAL WRIGHT",
AM,NOD,"NODDIN ELEM",
AM,ORM,"ORMONDALE ELEM",
AM,OSB,"OSBORNE SCHOOL",
AM,OVR,"OVERFELT HIGH",
AM,PAH,"PATRICK HENRY",
AM,PAR,PARKWAY,
AM,PAT,"PATHFINDER HIGH",
AM,PAW,"PA WALSH ELEM (WAL)",
AM,PDV,"PARADISE VALLEY",
AM,PHI,"PIEDMONT HILLS HIGH",
AM,QOM,"QUIMBY OAK MIDDLE",
AM,QUI,"QUIMBY OAK ELEM",
AM,RED,"REDWOOD MIDDLE",
AM,RIG,"RIDGEMONT SCHOOL",
AM,ROL,"ROLLING HILLS MIDDLE",
AM,ROS,"ROSE ELEM",
AM,ROY,"ROSEMARY ELEM",
AM,SBH,"SAN BENITO HIGH",
AM,SBP,"SOUTH BAY PREPARATORY",
AM,SCC,"SANTA CLARA COMMUNITY",
AM,SCE,"SYLVIA CASSELL ELEM",
AM,SCH,"SANTA CLARA HIGH",
AM,SHI,"SHIRAKAWA ELEM",
AM,SHS,"SARATOGA HIGH",
AM,SIE,SIERRAMONT,
AM,SLO,"SLONAKER ELEM",
AM,SNT,"SANTEE ELEM",
AM,SOB,"SOBRATO HIGH",
AM,SOC,"SOUTH COUNTY COMMUNITY",
AM,SPECT,"SPECTRUM CENTER NPS",
AM,SPED,"SCCOE SPECIAL ED",
AM,SSA,"SARATOGA SUB ACUTE",
AM,STO,"STONEGATE PARK COMMUNITY",
AM,STR,"STARLIGHT HIGH SCH",
AM,SUN,"SUNNYVALE MIDDLE",
AM,TRB,"TERRA BELLA ELEM",
AM,UPA,"UNIVERSITY PREP ACADEMY",
AM,WIL,"WILLOW GLEN MIDDLE",
AM,WOL,WOOLCREEK,
AN,107,"EAST OAKLAND PRIDE ELEM",
AN,112,"GREENLEAF ELEM",
AN,113,"LEARNING WITHOUT LIMITS",
AN,114,"GLOBAL FAMILY",
AN,123,"FUTURES ELEM",
AN,125,"NEW HIGHLAND ACADEMY",
AN,149,"COMMUNITY UNITED ELEM",
AN,167,PRESCHOOL,
AN,172,"FRED T KOREMATSU DISC ACAD",
AN,175,SEED,
AN,177,"ESPERANZA ACADEMY",
AN,178,"BRIDGES ACADEMY",
AN,179,"MANZANITA COMMUNITY SCH",
AN,192,RISE,
AN,193,REACH,
AN,199,"ELEMENTARY REGISTRATION SCH",
AN,204,"WEST OAKLAND MIDDLE",
AN,221,"ELMHURST COMMUNITY PREP",
AN,224,"ALLIANCE ACADEMY",
AN,226,"ROOTS INTERNATIONAL",
AN,227,"PERALTA CREEK",
AN,228,"UNITED FOR SUCCESS",
AN,232,"COLISEUM COLLEGE PREP",
AN,237,"KIZMET ACADEMY",
AN,299,"MIDDLE SCHOOL REGISTRATION",
AN,309,"RALPH J BUNCHE ACADEMY",
AN,338,"METWEST HIGH SCH",
AN,344,"YES YOUTH EMPOWERMENT SCH",
AN,350,BEST,
AN,351,EXCEL,
AN,352,"RUDSDALE CONTINUATION",
AN,353,"OAKLAND INTERNATIONAL HIGH",
AN,399,"HIGH SCHOOL REGISTRATION",
AN,506P,"LA CHEIM - PLHI",
AN,506R,"LA CHEIM - RICHMOND",
AN,809,"INTERNATIONAL COMM CDC PRE-K",
AN,861,"ACORN WOODLAND PRE-K",
AN,862,"FRUITVALE PRE-K",
AN,906,"DIAGNOSTIC CENTER",
AN,999,"EXPULSION SCHOOL",
AN,BMAYN,"BERKLEY MAYNARD",
AN,CEID,"C. E. I. D.",
AN,ECEO,"EARLY CHILDHOOD ED OFFICE",
AN,EFC,EFC-EOCC,
AN,FROST,"FROSTIG CENTER",
AN,HILLS,"HILLSIDE ACADEMY",
AN,MILLS,"MILLSMONT ACADEMY",
AN,NPS,"NON PUBLIC SCHOOL",
AN,ONTHI,"ON TRAC HIGHLAND",
AN,ONTLA,"ONTRAC LAKESIDE",
AN,SENSL,"SENECA SAN LEANDRO",
AN,SFA,"SCHOOL FOR ARTS",
AN,SPECT,"SPECTRUM CENTER (513)",
AN,SPRIN,SPRINGSTONE,
AN,STARB,STAR/BEHAVIOR,
AN,STERN,"STERNE SCHOOL",
AN,TAP,"TAP CENTER",
AN,UNITY,"UNITY HIGH",
AN,WORLD,WORLD,
AN,YES,"YES YOUTH EMPOWERMENT SCH",
AY,149,"VALLEY ATWATER COMM DAY (VACD)",
AY,408,"DELHI ED PARK (DEP)",
AY,500,"JOSEPH NOVACK ACADEMY (JNA)",
AY,DPH,"DOS PALOS HIGH",
AY,EWE,"ELMER WOOD ELEMENTARY",
AY,JSE,"JOE STEFANI ELEMENTARY",
AY,VOS,"VALLEY OAKS SCHOOL",
AZ,EVALL,"EAST VALLEY",
BA,144,"CLINCON CORNER",
BA,161,"CHAPMAN EDUCATION CTR",
BA,187,"HARE OPPORTUNITY",
BA,188,"LINCOLN ADULT ED",
BA,900,"INACTIVE STUDENTS",
BA,91,"DIST OFC / OFC OF SPEC ED",
BA,950,"UNIDENTIFIED SITE",
BB,CDS,"COMMUNITY DAY SCH",
BB,HSO,"HEALTHY START OFFICE",
BB,LNS,"LAGUNA NUEVA SUMMER",
BB,NPS,"NON PUBLIC SCHOOL",
BB,RPS,"ROSEWOOD PARK SUMMER",
BC,015,"ADVANCE PATH ACADEMY",
BC,099,CLARK,
BC,151,"HOLY REDEEMER",
BC,ALMAN,"ALMANSOR CENTER (COUNS)",
BC,CEC,"CHILD EDUCATION CENTER",
BC,CFC,"CENTER FOR CHILDREN",
BC,DISCO,DISCOVERY,
BC,GAMC,"GLENDALE ADVENT MED CTR (GA)",
BC,GCCDP,"GLENDALE COLLEGE CDP",
BC,HONEY,"HONEY BUNCH",
BC,HUNTI,HUNTINGTON,
BC,INCAR,INCARNATION,
BC,LIGHT,"LIGHTED WINDOW PS",
BC,MOMMY,"MOMMY AND ME",
BC,NEWHO,"NEW HORIZONS HEAD STRT",
BC,NONE,"NO SCHOOL SITE INDICATED",
BC,OPTIM,"OPTIMIST HIGH SCH (COUNS)",
BC,RIBET,RIBET,
BC,ROBIN,"ROBIN'S NEST",
BC,TLP,"THE LEARNING PLACE",
BC,VGLEN,"VILLAGE GLEN SCH (OT)",
BC,WESTM,"WESTMINSTER CHILD CENT",
BC,WESTR,WESTRIDGE,
BE,240,"SIERRA ARDEN ECE PRESCH",
BE,302,"HOME SCHOOL",
BE,303,"GOLDEN VALLEY CHARTER",
BE,5050,"SCHOOL AFTER SCHOOL ROGERS",
BE,5060,"SCHOOL AFTER SCHOOL ROGERS",
BE,5632,"OTHER SCHOOL",
BE,DIST,"SAN JUAN USD",
BE,NPS,"NON PUBLIC SCHOOL",
BF,000,PUSD,
BF,004,"HEAD START",
BF,008,"FAMILY RESOURCE CTR",
BF,009,"CHILD DEVELOPMENT",
BF,010,"EL CAMINO",
BF,012,"ABC CTR AT PARK WEST",
BF,013,"MARSHALL CLINIC",
BF,014,"ADULT TRANSITION",
BF,015,PRESCHOOL,
BF,104,"ALCOTT ELEM",
BF,107,"ALLISON ELEM",
BF,110,"ARMSTRONG ELEM",
BF,113,"ARROYO ELEM",
BF,116,"BARFIELD ELEM",
BF,119,"DECKER ELEM",
BF,122,"DIAMOND POINT ELEM",
BF,125,"GOLDEN SPRINGS ELEM",
BF,128,"HARRISON ELEM",
BF,131,"KELLOGG ELEM",
BF,134,"KINGSLEY ELEM",
BF,137,"LEXINGTON ELEM",
BF,140,"LINCOLN ELEM",
BF,143,"MADISON ELEM",
BF,146,"MENDOZA ELEM",
BF,149,"MONTVUE ELEM",
BF,150,"PANTERA ELEM",
BF,152,"PHILADELPHIA ELEM",
BF,155,"PUEBLO ELEM",
BF,158,"RANCH HILLS ELEM",
BF,161,"ROOSEVELT ELEM",
BF,164,"SAN ANTONIO ELEM",
BF,167,"SAN JOSE ELEM",
BF,170,"VEJAR ELEM",
BF,173,"WASHINGTON ELEM",
BF,176,"WESTMONT ELEM",
BF,179,"YORBA ELEM",
BF,180,"LOPEZ ELEM",
BF,181,"CORTEZ ELEM",
BF,210,"EMERSON MIDDLE",
BF,220,"FREMONT MIDDLE",
BF,230,"LORBEER MIDDLE",
BF,240,"MARSHALL MIDDLE",
BF,250,"PALOMARES MIDDLE",
BF,260,"SIMONS MIDDLE",
BF,310,"DIAMOND RANCH HIGH",
BF,320,"GANESHA HIGH",
BF,330,"GAREY HIGH & GARY VILLAGE",
BF,340,"POMONA HIGH",
BF,350,"VILLAGE ACADEMY",
BF,430,"PARK WEST HIGH",
BF,440,"POMONA ACADEMY PAS",
BF,NPS,"NON-PUBLIC SCHOOL",
BI,100MW,"MARK WEST",
BI,11OAD,"OLD ADOBE",
BI,120SI,"PART C/SELPA",
BI,13RCC,REDWOOD,
BI,14RCP,"REDWOOD PP",
BI,15RLD,ROSELAND,
BI,16SRC,"SANTA ROSA",
BI,17WRT,WRIGHT,
BI,60BVY,"BENNETT VLY",
BI,60YDS,YOUTH-DEVEL-SUPPRT-LDRSHP,
BI,70CVD,CLOVERDALE,
BI,80CRP,"COTATI-ROHNERT PARK",
BI,90HBG,HEALDSBURG,
BI,ADOBE,"OLD ADOBE UNION ELEM SD",
BI,PETAL,"PETALUMA (PER GREG E)",
BI,SCOE,"SEMI-ANNUAL SCOE SPED FILE",
BI,SELPA,"GREG ENGLAR'S SELPA FILE",
BI,TRAN,TRANSPORTATION,
BK,02,"ANNIE R MITCHELL",
BK,07,"COTTONWOOD CREEK ELEM",
BK,35,"MANUEL F. HERNANDEZ",
BK,43,"OAK GROVE (NORTHWEST) ELEM",
BM,003,"FACS PRESCHOOL",
BM,096,"VILLA PARKE COMM PROG",
BM,400,"NO SCHOOL FOR NEW REFERRALS",
BM,401,"ALMANSOR CENTER",
BM,402,"ALPINE ACADEMY",
BM,403,"CATHEDRAL HOME FOR CHILDREN",
BM,404,DEVEREUX,
BM,405,"DUBNOFF CENTER",
BM,406,"FIVE ACRES",
BM,407,"FROSTIG CENTER",
BM,408,"FOUNDATION FOR JUNIOR BLIND",
BM,409,"HERITAGE CENTER",
BM,410,"HILLSIDE LEARNING CENTER",
BM,411,"HILLSIDES EDUCATIONAL CENTER",
BM,412,"JAMES HAWKINS",
BM,413,"LEEWAY SCHOOL",
BM,414,"MID VALLEY LEARNING CENTER",
BM,415,"NEW HAVEN",
BM,416,"NEW SCHOOL/HELP GROUP",
BM,417,"NORTH HILLS PREPARATORY",
BM,418,"OPTIMIST HIGH SCHOOL",
BM,419,"PROVO CANYON SCHOOL",
BM,420,"ROSEMARY CHILDREN SERVICES",
BM,421,"THE SYCAMORES",
BM,422,TOBINWORLD,
BM,423,"VILLA ESPERANZA",
BM,424,"VISTA SCHOOL",
BM,425,"WIDE HORIZONS",
BM,450,"COMMUNITY SERVICES",
BM,451,"HEAD START",
BM,452,"PARENT PLACED PRIVATE SCHOOL",
BM,453,ABC,
BM,NPS,"NON-PUBLIC SCHOOL",
BO,02,"ALLEN AVENUE ELEM",
BO,03,"EKSTRAND ELEM",
BO,04,"GLADSTONE ELEM",
BO,05,"LA VERNE ELEM",
BO,06,"GRACE MILLER ELEM",
BO,07,"ROYNON ELEM",
BO,08,"SHULL ELEM",
BO,09,"OAK MESA ELEM",
BO,10,"LONE HILL MIDDLE",
BO,11,"RAMONA MIDDLE",
BO,20,"BONITA HIGH",
BO,30,"SAN DIMAS HIGH",
BO,40,"CHAPARRAL HIGH",
BO,41,"VISTA SCHOOL",
BO,42,"OPPORTUNITY PROGRAM",
BO,43,"EMBRACE (PG MINORS)",
BO,44,"VISTA HOME SCH K-8",
BO,45,HOME/HOSPITAL,
BO,90,"SPEECH EVALUATION PRESCH",
BO,91,PRESCHOOL,
BO,92,"CANYON VIEW SCHOOL",
BO,93,"JOAN MACY SCHOOL",
BO,94,"LEROY HAYNES CENTER",
BO,95,"NON-PUBLIC SCHOOLS",
BO,SUMME,"SUMMER SCHOOL",
BP,24,"CAL SAFE GR 6-12",
BP,EDCOL,"EDWARD B COLE ACADEMY",
BP,GRACE,"GRACE SCHOOL",
BP,HILLV,"HILLVIEW SCH (COUNTY)",
BP,NOVA,"NOVA ACAD EARLY COLLEGE HIGH",
BP,OCEAA,"ORANGE CTY EDUC ARTS ACAD",
BP,TEC,"THERAPEUTIC EDUCATION CTR",
BR,COMMU,"COMMUNITY DAY SCHOOL",
BR,PRESC,"MCSD PRESCHOOL PROGRAM",
BR,PRIVT,"PRIVATE SCHOOLS (NPS)",
BR,STEFA,"STEFANI ELEMENTARY SCHOOL",
BW,ALTED,"ALTERNATIVE EDUC",
BW,AVA,"ALTA VISTA ACADEMY",
BW,BB,"BOUNCE BACK",
BW,BVH,"BONITA VISTA HIGH",
BW,BVLC,"BONITA VISTA LEARNING CTR",
BW,COLS,"OPTIONS SECONDARY - COLS",
BW,CPH,"CASTLE PARK HIGH",
BW,CPLC,"CASTLE PARK LEARNING CTR",
BW,CPM,"CASTLE PARK MIDDLE",
BW,CVH,"CHULA VISTA HIGH",
BW,CVLC,"CHULA VISTA LEARNING CTR",
BW,EHA,"EAST HILLS ACADEMY",
BW,ELH,"EASTLAKE HIGH",
BW,ELLC,"EASTLAKE LEARNING CTR",
BW,GJH,"GRANGER JUNIOR HIGH",
BW,HTH,"HILLTOP HIGH",
BW,HTLC,"HILLTOP LEARNING CTR",
BW,IS-TR,"INDEPENDENT STUDY - TRADITIONAL",
BW,IS-YR,"INDEPENDENT STUDY - YEAR ROUND",
BW,MAACH,"MAA CHARTER",
BW,MAACR,"MAA CHARTER",
BW,MOH,"MONTGOMERY HIGH",
BW,MOLC,"MONTGOMERY LEARNING CTR",
BW,MVM,"MAR VISTA MIDDLE",
BW,NCM,"NATIONAL CITY MIDDLE",
BW,ORH,"OTAY RANCH HIGH",
BW,OTLC,"OTAY RANCH LEARNING CTR",
BW,RDR,"RANCHO DEL REY MIDDLE",
BW,SHELT,"OPTIONS SECONDARY - SHELTER PROG",
BW,SOH,"SOUTHWEST HIGH",
BW,SOLC,"SOUTHWEST LEARNING CTR",
BW,SSPT,"SPECIAL SVCS PLACEMENT TRAD",
BW,SSPY,"SPECIAL SVCS PLACEMENT YR",
BW,SWH,"SWEETWATER HIGH",
BW,SWLC,"SWEETWATER LEARNING CTR",
BW,SYH,"SAN YSIDRO HIGH",
BW,SYLC,"SAN YSIDRO LEARNING CTR",
BW,TPP,"TEEN PARENT PROGRAM",
BX,01,"UNIDENTIFIED SITE",
BX,10,"BENNETT KEW",
BX,11,"CENTINELA ELEM",
BX,12,"DANIEL FREEMAN ELEM",
BX,120,"WARREN LANE ELEM 6-8",
BX,121,"LA TIJERA ELEM 6-8",
BX,122,"FRANK D PARENT ELEM 6-8",
BX,13,"HIGHLAND ELEM",
BX,14,"HUDNELL ELEM",
BX,15,"KELSO ELEM",
BX,16,"OAK STREET ELEM",
BX,17,"PAYNE ELEM",
BX,18,"WOODWORTH ELEM",
BX,19,"WORTHINGTON ELEM",
BX,20,"WARREN LANE ELEM K-5",
BX,21,"LA TIJERA ELEM K-5",
BX,22,"FRANK D PARENT ELEM K-5",
BX,23,"CROZIER MIDDLE",
BX,24,"MONROE MIDDLE",
BX,30,"INGLEWOOD HIGH",
BX,31,"MORNINGSIDE HIGH",
BX,32,"CITY HONORS HIGH",
BX,33,"HILLCREST CONT HIGH",
CH,300,GRADUATED,
CH,AR,"ARROW HIGH",
CH,BA,"BADILLO ELEM",
CH,BR,"BRIDGES COMM DAY",
CH,CC,"CASA COLINA",
CH,CDG,"CEDARGROVE ELEM",
CH,CO,"CHARTER OAK HIGH",
CH,GO,"GLEN OAK ELEM",
CH,JMS,"JOAN MACY SCHOOL",
CH,JSA,"JUSTINE SHERMAN & ASSOC",
CH,KS,"KAREN SCHNEE",
CH,LHC,"LEROY HAYNES CTR",
CH,LOC,"LIVE OAK CANYON",
CH,MCC,"MCKINLEY CHILDREN'S CTR",
CH,MFC,"MARIANNE FROSTIG CTR",
CH,MHS,"MUELLER SPEECH & HEARING",
CH,MVLC,"MID VALLEY LEARNING CTR",
CH,NPS,"NON PUBLIC SCHOOLS",
CH,OGI,"OAK GROVE INSTITUTE",
CH,OK,"OAK KNOLL ALT",
CH,QA,"QUEST ACADEMY",
CH,RO,"ROYAL OAK MIDDLE",
CH,VE,"VILLA ESPERANZA",
CH,WA,"WASHINGTON ELEM",
CH,WI,"WILLOW ELEM",
CK,CK2,"CUDDEBACK UNION ELEM",
CO,20,"CHILDREN'S CENTER",
CO,47,"INDEPENDENT STUDY",
CO,9999,"NON PUBLIC",
CV,01,"CLOVERDALE HIGH",
CV,02,"WASHINGTON 4-8 GRADE",
CV,04,"JEFFERSON ELEMENTARY",
CV,10,"JOHANNA ECHOLS-HANSON HIGH",
CV,20,"EAGLE CREEK",
CW,780,"CALIF STATE SCH FOR THE DEAF",
CY,48,"MULHALL HEADSTART",
DD,12,"MAGNOLIA LEARNING CTR",
DD,16,"NON-PUBLIC SCHOOL",
DE,00,"NOT ENROLLED",
DE,01,"HEALTH SERVICES CTR",
DE,20,"BEARDSLEE ELEM",
DE,21,"MAXWELL ELEM",
DE,22,"ROYAL OAKS ELEM",
DE,23,"VALLEY VIEW ELEM",
DE,30,"ANDRES DUARTE ELEM",
DE,31,"NORTHVIEW INTERMED",
DE,40,"DUARTE HIGH",
DE,41,"MT OLIVE CONT HIGH",
DE,44,"MT OLIVE IND STUDY",
DE,CCC,"COMMUNITY CARE CTR",
DE,PRE,PRESCHOOL,
DE,PRI,"PRIVATE SCHOOL NPS",
DF,100,"LA MIRADA ADULT SCH",
DF,29,"FIRST 5",
DF,500,"NON PUBLIC SCHOOL",
DF,505,"TRANSITION SCHOOL",
DF,78,"JOHN GLENN IND STUDY",
DF,80,"LA MIRADA IND STUDY",
DF,82,"NORWALK IND STUDY",
DF,NPA1,"AUTISM PARTNERSHIP",
DF,NPA10,"SEEK EDUCATION INC",
DF,NPA11,"STOWELL LEARING CENTER",
DF,NPA12,"AUTISM SPECTRUM THERAPIES",
DF,NPA15,"OPTIMUM BEHAVIOR SERVICES",
DF,NPA2,"CENTER FOR AUTISM & RELATED",
DF,NPA3,"COAST SPEECH PATHOLOGY ASSOC",
DF,NPA4,"COX KING IKEDA OPTOMETRIC",
DF,NPA5,"D G THERAPY GROUP",
DF,NPA6,"GALLAGHER PEDIATRIC THERAPY",
DF,NPA7,"PT FOR KIDS",
DF,NPA8,"PACIFIC CHILD & FAMILY",
DF,NPA9,"PEDIATRIC THERAPY NETWORK",
DF,NPS1,"ALTON SCHOOL",
DF,NPS10,"PROVO CANYON SCHOOL",
DF,NPS11,"ROSSIER PARK ELEM",
DF,NPS12,"ROSSIER PARK JUNIOR/HIGH",
DF,NPS13,"SPEECH & LANGUAGE DEVELOPMENT",
DF,NPS14,"THE SYCAMORE",
DF,NPS15,"YELLOWSTONE BOYS & GIRLS RANCH",
DF,NPS16,"ZINSMEYER ACADEMY",
DF,NPS19,"SOUTH COAST PRIORITY SCHOOL",
DF,NPS2,"BARBARA DAWSON EDUCATIONAL CTR",
DF,NPS3,"CENTER FOR LEARING",
DF,NPS4,"CLETA HARDER",
DF,NPS5,"DEVEREUX TEXAS",
DF,NPS6,"JUNIOR BLIND OF AMERICA",
DF,NPS7,"FROSTING SCHOOL",
DF,NPS8,"GRACE EDUCATION",
DF,NPS9,"NEW HAVEN YOUTH & FAMILY",
DG,005,"CLARA BARTON",
DG,006,"THOMAS EDISON",
DG,007,"BENJAMIN FRANKLIN",
DG,008,"MELBOURNE A GAUER",
DG,009,"JAMES M GUINN",
DG,010,"PATRICK HENRY",
DG,011,"THOMAS JEFFERSON",
DG,012,"BENITO JUAREZ",
DG,013,"FRANCIS SCOTT KEY",
DG,014,"ABRAHAM LINCOLN",
DG,016,"JAMES MADISON",
DG,017,"HORACE MANN",
DG,018,"JOHN MARSHALL",
DG,020,"ADELAIDE PRICE",
DG,021,"PAUL REVERE",
DG,022,"THEODORE ROOSEVELT",
DG,023,"BETSY ROSS",
DG,024,"ALEXANDER J STODDARD",
DG,026,"OLIVE STREET",
DG,028,"ORANGE GROVE",
DG,BLIND,"BLIND CHILDREN'S LEARNING CTR",
DG,CANAL,"CANAL STREET",
DG,FAIRM,"FAIRMONT PRIVATE",
DG,GKEY,"GEORGE KEY",
DG,HEIDE,HEIDEMAN,
DG,KNOTT,KNOTT,
DG,LALAM,"LOS ALAMITOS",
DG,NRJ,"NON-RIS JUAREZ",
DG,NRK,"NON-RIS KEY",
DG,NRW,"NON-RIS WESTMONT",
DG,PAC,"PRESCHOOL ASSESSMENT CENTER",
DG,ROSSI,ROSSIER,
DG,SLDC,"SPEECH AND LANGUAGE DEVEL CTR",
DG,TEMPL,"RAYMOND TEMPLE",
DJ,15,"LINDA VERDE CENTER",
DJ,67,"MILLER ELEM",
DJ,68,"ENDEAVOR MIDDLE",
DJ,70,"LINDA VERDE CENTER",
DJ,ECE,"EARLY CHILDHOOD EDUCATION",
DJ,IS,"INDEPENDENT STUDY",
DK,46,"COMMUNITY DAY SCH (CDS)",
DK,64,"NON PUBLIC SCHOOL (NPS)",
DM,902,HOME,
DM,904,"INDEPENDENT STUDY PROGRAM",
DM,905,"NON PUBLIC SCH",
DM,SAF,"SUMMER SCHOOL",
DM,SCT,"SUMMER SCHOOL",
DN,220,"BESS MAXWELL ELEM",
DN,240,"JOE HAMILTON ELEM",
DN,260,"MARY PEACOCK",
DN,28,"PINE GROVE STATE PRESCH",
DN,280,"PINE GROVE ELEM",
DN,320,"MARGARET KEATING ELEM",
DN,360,"REDWOOD ELEM",
DN,380,"SMITH RIVER ELEM",
DN,420,"CRESCENT ELK MIDDLE",
DN,520,"DEL NORTE HIGH",
DN,540,"SUNSET CONTINUATION HIGH",
DN,610,"COMMUNITY DAY SCH K-6",
DN,615,"COMMUNITY DAY SCH 7-12",
DN,620,"BAR O SCHOOL",
DN,630,"CASTLE ROCK CHARTER",
DN,640,"MCCARTHY ALT ED CTR",
DN,660,PARAGON/AVALON,
DN,680,"ELK CREEK",
DN,800,800,
DN,990,"UNCHARTED SHORES ACADEMY",
DQ,05,"OC SPECIAL ED",
DQ,29,"DESERT WILLOW",
DQ,95,"LONG TERM INDEPEND STUDY",
DQ,ATS,"AUDIOLOGICAL TESTING SITE",
DQ,CHART,"CHARTER SCHOOL",
DQ,HOME,"HOME SCHOOLING",
DS,17,"MERKLEY ACADEMY",
DS,18,"TRANSITION TO ADULT",
DS,19,STONEGATE,
DS,70,CHARTER,
DS,GG,GREENGATE,
DU,55,"COMMUNITY DAY SCHOOL",
DU,948,PRESCHOOLS,
DU,DO,"DISTRICT OFFICE",
DV,CCS,"FOLSOM COMM CHARTER SCH",
DV,FPS,"FOLSOM CORDOVA PRESCHOOL",
DV,MYM,"MATHER YOUTH OPPORT MIDDLE",
DV,NDISP,"NON DISTRICT SPEC ED ISP",
DV,NDPRE,"NON DISTRICT PRESCHOOL",
DV,NDSE,"NON DISTRICT SPEC ED",
DV,NV,"NAVIGATOR ELEM",
DV,RR,"RUSSELL RANCH",
DV,SFPS,SFPS,
DV,SMS,"SUTTER MIDDLE",
DV,SSSPR,SSSPR,
DV,VDLHS,"VISTA DEL LAGO HIGH",
DV,YOPHS,"MATHER YOUTH OPPORT HIGH",
DV,YOPMS,"YOUTH AUTHORITY PROG MIDDLE",
DZ,225,"JELLICK PRESCHOOL",
DZ,227,"LA SEDA PRESCHOOL",
DZ,235,"OSWALT PRESCHOOL",
DZ,301,"NOGALES SH TRANSITION",
DZ,311,"FARJARDO PRESCHOOL PM",
DZ,313,"RINCON INTERMEDIATE SH",
DZ,322,"PRESCHOOL UNIDENTIFIED",
DZ,328,"PRESCHOOL UNIDENTIFIED",
DZ,329,"RORIMER SDC/PRESCHOOL PM",
DZ,332,"PRESCHOOL UNIDENTIFIED",
DZ,340,"SP ED NON PUBLIC SCH",
DZ,341,"SP ED HOME TEACHING",
DZ,375,"EVEN START SCH",
DZ,413,"RINCON INTERMEDIATE SH",
DZ,421,HOMESCHOOL,
EA,221,"RONALD REAGAN ELEM",
EA,225,"BENJAMIN FRANKLIN ELEM",
EA,227,"CARRILLO RANCH ELEM",
EA,320,"DESERT RIDGE ACADEMY",
EA,340,"COL MITCHELL PAIGE MIDDLE",
EA,390,"SHADOW HILLLS HIGH",
EA,448,"SUMMIT HIGH",
EA,948,"SUMMITT IND STUDY",
EA,PRESC,"PRESCHOOL - OTHER",
EB,07,"SAFE SCHOOLS/HEALTHY STUDENTS",
ED,003,"NON PUBLIC SCH",
ED,004,PARKSIDE,
ED,249,"CHAPMAN HILLS",
ED,395,"COMMUNITY DAY SCH",
ED,HOME,"HOME SCHOOL",
ED,TRANS,TRANSITION,
EE,136,"FLETCHER HILLS SMART STEPS",
EE,143,"MURRAY MANOR SPED PRESCH",
EE,246,"SMART STEPS MAA",
EE,253,"ROLANDO SPED PRESCH",
EE,256,"ROLANDO STATE PRESCH",
EE,326,"SMART STEPS CDO",
EE,333,"HIGHLANDS SPED PRESCH",
EE,343,"MURDOCK SPED PRESCH",
EE,363,"LOMA ELEM SPED PRESCH",
EE,366,"LOMA ELEM CDC",
EE,373,"SWEETWATER SPGS SPED PRESCH",
EE,376,"SWEETWATER SPGS STATE PRESCH",
EE,423,"AVONDALE ELEM SPED PRESCH",
EE,433,"BANCROFT SPED PRESCH",
EE,436,"BANCROFT PREKINDER PROGRAM",
EE,443,"KEMPTON ELEM SPED PRESCH",
EE,453,"LA PRESA ELEM SPED PRESCH",
EE,463,"RANCHO ELEM SPED PRESCH",
EE,490,"QUEST ACADEMY",
EE,601,"ASELTINE SCHOOL",
EE,602,"SIERRA SCHOOL/BANYON TREE",
EE,603,"EXCELSIOR ACADEMY",
EE,604,"INSTITUTE FOR EFFECTIVE EDUC",
EE,605,"MORNING SKY RESIDENTIAL",
EE,606,"SAN DIEGO CTR FOR CHILDREN",
EE,607,"SPRINGALL ACADEMY",
EE,608,"SPRINGALL ACADEMY EAST",
EE,609,"STEIN EDUCATION CENTER",
EE,610,"STEIN ED CNTR CHULA VISTA",
EE,611,"STEIN ED CNTR (EAST CNTY)",
EE,612,"BALBOA CITY SCHOOL",
EE,613,"THE WINSTON SCHOOL",
EE,614,"YELLOWSTONE BOYS/GIRLS RNCH",
EE,615,"BALBOA SECONDARY SCHOOL",
EE,616,"NEW HAVEN RESIDENTIAL",
EE,617,"CLARK DEVEREUX RES FACILITY",
EE,618,"NORTH VALLEY SCHOOLS",
EE,619,"ACES ACADEMY",
EE,620,"KEYSTONE ACADEMY",
EE,621,TERI,
EE,622,"SHILOH TREATMENT CENTER",
EE,628,"ORANGE CTY PROGRAMS",
EE,629,"RIVERSIDE PROGRAMS",
EE,630,"SWEETWATER PROGRAMS",
EE,631,"UNIDENTIFIED SITE OR PROGRAM",
EE,701,"HOME HOSPITAL",
EE,751,"HOME BABIES",
EE,800,"EMERALD DAY TREATMENT",
EE,801,"FRONTIER DAY TREATMENT",
EE,802,"SAN MIGUEL DAY TREATMENT",
EE,803,"VENTURE DAY TREATMENT",
EE,804,"NEW ALTERNATIVES DAY TRTMT",
EE,851,"JCCS - JUVENILE COURT",
EE,852,"EL CAJON PROGRAMS",
EE,853,"LAKESIDE PROGRAMS",
EE,854,"LEMON GROVE PROGRAMS",
EE,855,"SANTEE PROGRAMS",
EE,856,"SD CITY PROGRAMS",
EE,901,"OUT OF BOUNDARY",
EF,158,"COTTONWOOD ELEM",
EF,160,"HEMET ELEM",
EF,162,"LITTLE LAKE ELEM",
EF,164,"WHITTIER ELEM",
EF,166,"FRUITVALE ELEM",
EF,168,"BAUTISTA CREEK ELEM",
EF,171,"HARMONY ELEM",
EF,176,"MCSWEENEY ELEM",
EF,177,"CAWSTON ELEM",
EF,20,"HELEN HUNT SPE ED PRESCH",
EF,210,"ACACIA MIDDLE",
EF,215,"DIAMOND VALLEY MIDDLE",
EF,225,"RANCHO VIEJO MIDDLE",
EF,258,"COTTONWOOD MIDDLE",
EF,259,"HAMILTON MIDDLE",
EF,299,"HAMILTON MIDDLE G8",
EF,315,"TAHQUITZ HIGH",
EF,320,"WEST VALLEY HIGH",
EF,410,"ALESSANDRO HIGH",
EF,411,"ADVANCED PATH ACADEMY",
EF,415,"FAMILY TREE LEARING CTR",
EF,417,HAAAT,
EF,420,"HELEN HUNT JACKSON",
EF,440,"HELP SCH (DIST COMM)",
EF,459,"HAMILTON IND STUDY",
EF,500,"HOME HOSPITAL",
EF,501,"EXPULSION SCHOOL",
EF,700,"HAMILTON HIGH SUMMER",
EF,702,"WEST VALLEY HIGH SUMMER",
EF,706,"HAMILTON MIDDLE SUMMER",
EF,710,"HAMILTON ELEM SUMMER",
EF,720,"IDYLLWILD SUMMER",
EF,730,"COTTONWOOD SUMMER",
EF,735,"ALESSANDRO HIGH SUMMER",
EF,740,"DARTMOUTH SUMMER",
EF,77,"ANOTHER PRESCH",
EF,899,"NON PUBLIC SCHOOL",
EF,NPS,"NON PUBLIC SCHOOL",
EI,14,"SILAS BARTSCH ELEM",
EI,27,"CONNER ELEM",
EI,31,PRESCHOOL,
EI,ALT,"MOUNTAIN VIEW (ALTERNATIVE)",
EN,NPS,"NON-PUBLIC SCHOOL",
EU,CCHS,"CENTER CITY HIGH",
EU,ECHS,"ESCONDIDO HIGH",
EU,NPS,"NON PUBLIC SCHOOL",
EU,OGHS,"ORANGE GLEN HIGH",
EU,SPHS,"SAN PASQUAL HIGH",
EU,VHS,"VALLEY HIGH",
EW,421,"LYLE S BRIGGS FUND 7-8",
EW,423,"CAL AERO PRESERVE ACAD 7-8",
EW,433,"CAL AERO PRESERVE ACAD K-6",
EW,503,"CHINO VLY LEARNING ACAD 9-12",
EW,504,"CHINO VLY LEARNING ACAD 7-8",
EW,506,"UNNAMED SITE OR PROGRAM",
EX,00,"NO SCHOOL SITE SHOWN",
EX,40,"ENRIQUE CAMARENA JR HIGH",
EX,51,"KENNEDY MIDDLE",
EX,ICOE,"IMPERIAL COE (TRANSP)",
EX,IVCEC,"IMP VLY CTR EXCPTNL CHLDRN",
FH,016,"SOAR HIGH",
FH,NPS,"NON-PUBLIC SCHOOL",
FL,CVS,"CANYON VIEW SCH (NPS)",
FO,AR,"ACADEMY OF THE REDWOODS",
FO,EHS,"EAST HIGH",
FO,FHIS,"FORTUNA HIGH IND STUDY",
FO,FHS,"FORTUNA HIGH",
FO,SCCDS,"STRONG CREEK COMMUNITY DAY",
FP,96,"NON-PUBLIC SCHOOLS",
FP,97,"CALVARY (ATC)",
FP,NPS01,"COLORADO BOYS",
FP,NPS02,"ROSSIER SCH",
FP,NPS03,"SPEECH & LANG DEVELOP CTR",
FP,NPS05,"NEW SCHOOL FOR _____",
FP,NPS07,"OPTIMIST HIGH",
FP,NPS09,"BARBARA DAWSON",
FP,NPS11,"HERITAGE CENTER",
FP,NPS13,"ZINSMEYER ACADEMY",
FP,NPS14,"MORNING STAR SCH",
FP,NPS15,"ALTON SCH",
FP,NPS17,"HILLSIDE EDUCATION CTR",
FP,NPS19,"AVIVA HIGH",
FP,NPS20,"EKO MULTIPURPOSE",
FP,NPS21,"ORALINGUA SCH",
FP,NPS22,"LINDEN CENTER",
FP,NPS24,"PROVIDENCE SPEECH",
FP,NPS26,"KEYSTONE ACADEMY",
FP,NPS28,"DEVEREUX TEXAS",
FP,NPS30,"COLORADO BOYS RANCH",
FP,NPS31,"OPTIMIST HIGH SCHOOL",
FP,NPS32,"THERAPEUTIC EDUCATION CTR",
FP,NPS33,"PERSONAL COACHING SYSTEMS",
FR,13001,"HEADSTART PRESCHOOL",
FR,13007,"SAN GORGONIO CHILDCARE",
FR,13008,"PASS COMMUNITY",
FR,13012,"RENU HOPE PRESCHOOL",
FR,13013,"BANNING PRE-K",
FR,13901,"KEYSTONE - UHS SCHOOLS",
FT,00,PRESCHOOL,
FT,30,"JEFFERSON NRC",
FT,HEADS,HEADSTART,
FT,PALS,PALS,
FV,FA,"FORESTVILLE ACADEMY",
FV,FES,"FORESTVILLE ELEM",
GB,PUE,"PACIFIC UNION ELEM",
GG,002,"HOME SCHOOL",
GG,DEF,"NON-PUBLIC SCH",
GG,HOME,"HOME SCHOOL",
GG,NPS,"NON-PUBLIC SCH",
GH,020,"GUHSD SPECIAL ED",
GH,021,"GROSSMONT HIGH",
GH,022,"HELIX CHARTER HIGH",
GH,023,"EL CAJON VALLEY HIGH",
GH,024,"MT MIGUEL HIGH",
GH,025,"EL CAPITAN HIGH",
GH,026,"GRANITE HILLS HIGH",
GH,027,"MONTE VISTA HIGH",
GH,028,"SANTANA HIGH",
GH,029,"VALHALLA HIGH",
GH,030,"WEST HILLS HIGH",
GH,031,"STEELE CANYON HIGH CHARTER",
GH,032,"WORK TRAINING CTR",
GH,033,"VIKING CENTER",
GH,034,"CHAPARRAL HIGH CONT",
GH,137,FRONTIER,
GH,138,HOMESTEAD,
GH,ECAC,"EL CAJON ADULT CTR",
GH,FAEC,"FOOTHILLS ADULT ED CTR",
GH,GAH,"GROSSMONT ADULT HIGH",
GH,GCD,"GATEWAY COMM DAY",
GH,GMCH,"GROSSMONT MIDDLE COLLEGE HIGH",
GH,GWCD,"GATEWAY WEST COMM DAY",
GH,HAC,"HELIX ADULT CTR",
GH,MMAC,"MT MIGUEL ADULT CTR",
GH,PHOEN,"PHOENIX HIGH ALT",
GH,SAC,"SANTANA ADULT CTR",
GK,1,"NON PUBLIC SCHOOLS",
GK,PRESC,PRESCHOOLS,
GT,00,"DNA COMMUNITY SCHOOL",
GT,14,"POLK ELEM",
GT,15,"HARVEST ELEM",
GT,500,PRESCHOOLERS,
GT,510,"PATHWAY COMM DAY SCH",
GT,70,"MOLLY NEVAREZ",
GV,11,"NON-PUBLIC PRESCH CELC",
GV,12,"NON-PUBLIC SCHOOLS",
GV,14,"QUEST ACADEMY",
GV,90,"CANYON OAKS RETENTION",
GV,CELC,"CANYON ELC",
GZ,HOME,"HOME SCHOOL",
HA,HOME,"HOME INSTRUCTION",
HA,MVNPS,"MID-VALLEY NON-PUBLIC SCH",
HA,WGMS,"WALNUT GROVE MIDDLE",
HB,061,"RIDGWAY OPPORTUNITY",
HB,081,"NON PUBLIC SCHOOL",
HB,113,"LATTICE FOUNDATION (NPS)",
HB,246,"LEWIS OPPORTUNITY",
HB,533,"SANTA ROSA ACCELERATED CHARTER",
HC,BARO,"BAR O",
HC,BESS,"BESS MAXWELL ELEMENTARY",
HC,CAM,"CAMPUS HOUSE (MATTOLE)",
HC,COEHS,"HCOE HEAD START",
HC,COURT,"HUMBOLDT COE COURT SCH",
HC,CRELK,"CRESCENT ELK MIDDLE",
HC,CROCK,"CASTLE ROCK",
HC,DNCCD,"DEL NORTE COUNTY COMMUNITY DAY",
HC,DNHIG,"DEL NORTE HIGH",
HC,DNHST,"DN HEAD START",
HC,DNINF,"DN INFANT PROGRAM",
HC,ELKCR,"ELK CREEK",
HC,JOHAM,"JOE HAMILTON ELEMENTARY",
HC,KREC,"KLAMATH RIVER EARLY COLLEGE",
HC,MCCC,"MCCARTHY CENTER/COMMUNITY",
HC,MKEAT,"MARGARET KEATING ELEMENTARY",
HC,MOUNT,"MOUNTAIN ELEMENTARY",
HC,NPA,"NORTHCOAST PREP & PERF ARTS ACAD",
HC,NPSPS,"PRIVATE PRESCHOOL",
HC,PINEG,"PINE GROVE ELEMENTARY",
HC,PRENS,"PRESCHOOLER NO SCHOOL",
HC,PRESC,PRESCHOOLER,
HC,RECDS,"RIVER'S EDGE COMMUNITY DAY",
HC,RWOOD,"REDWOOD ELEMENTARY",
HC,SHCDS,"SOUTHERN HUMBOLDT COMMUNITY",
HC,SMITH,"SMITH RIVER ELEMENTARY",
HC,SUNSE,"SUNSET HIGH (CONTINUATION)",
HC,TWORI,"TWO RIVERS COMMUNITY DAY SCHOOL",
HC,UNSHO,"UNCHARTED SHORES ACADEMY",
HD,261,"HIGHLANDS ACADEMY",
HD,901,"HOME & HOSPITAL SCH",
HD,ADULT,"KONOCTI ADULT EDUCATION",
HD,HHS,"HIGHLANDS HIGH SCH",
HD,LAT,"LATTICE PROGRAM",
HG,HAD,"HEALDSBURG ADULT",
HI,01,"NPS STUDENTS",
HI,14,"BAY ELEM SPEC ED PS",
HI,15,"ROYAL SUNSET SPEC ED PS",
HI,20,EBA,
HI,49,KIPP,
HI,HOME,HOME,
HI,NPS,"NON-PUBLIC SCHOOL",
HJ,12,"ATWATER COMMUNITY DAY SCHOOL",
HJ,300,"PRESCHOOL (21)",
HL,ANOVA,"ANOVA CENTER FOR EDUCATION",
HL,CE,"CALISTOGA ELEM",
HL,CH,"CALISTOGA JR-SR HIGH",
HL,FOOTH,"FOOTHILLS ADVENTIST ELEM",
HL,HM,"HOWELL MOUNTAIN ELEM",
HL,HMHOM,"HOWELL MTN HOME TEACHING",
HL,HOME,"HOME SCHOOLING",
HL,LATTI,"LATTICE EDUCATIONAL SVCS",
HL,MS,"ST. HELENA MONTESSORI",
HL,PA,"PALISADES HIGH CONTINUATN",
HL,PO,"POPE VALLEY ELEM",
HL,RL,"R. L. STEVENSON ELEM",
HL,SE,"ST. HELENA ELEM",
HL,SH,"ST. HELENA SENIOR HIGH",
HL,SP,"ST. HELENA PAROCHIAL",
HL,STAR,"STAR ACADEMY",
HL,SY,"ST. HELENA PRIMARY",
HL,UP,"UP-VALLEY SPECIAL ED",
HQ,247,"EDGEWOOD SECONDARY",
HQ,40,"SPECIAL ED PRESCHOOL",
HQ,41,"DON JULIAN ELEM",
HQ,42,"ERWIN ELEM",
HQ,45,"SUNKIST ELEM",
HQ,46,"VAN WIG ELEM",
HQ,47,"EDGEWOOD ACADEMY",
HQ,48,"TORCH MIDDLE",
HQ,49,"BASSETT SR HIGH",
HQ,50,"NUEVA VISTA CONT HIGH",
HQ,54,"SECONDARY HOME INSTRUCTION",
HQ,BAH,"BASSETT ADULT HIGH",
HR,213,"UNIDENTIFIED SITE",
HZ,CIS,"CTRS FOR INDEPENDENT STUDY",
HZ,HH,"HOME AND HOSPITAL",
IK,11,"OUT OF DISTRICT (99)",
IK,12,"BADEN POWELL (MAGNOLIA)",
IK,OT,"OCCUP. THERAPY THRU SELPA",
IK,PT,"PHYSICAL THERAPY THRU SELPA",
IP,NPS,"NON PUBLIC SCHOOL",
IR,RT,"RAYMOND TEMPLE",
IS,PRE,PRESCHOOLS,
JB,01,KIMBALL,
JB,05,STEIN,
JB,109,"PRIMARY CHARTER SCH",
JB,110,"DISCOVERY CHARTER SCH",
JB,111,"MILLENIUM HIGH SCH",
JB,58,"KELLY (NOW INCL CLOVER)",
JB,99,PRESCHOOLS,
JC,AR,"ARENA UNION SCHOOL DISTRICTS",
JC,CCSCM,"CCS MENDO COUNTY COMMUNITY",
JC,CCSCR,"CCS MENDO COUNTY COURT SCHS",
JC,CCSNB,"CCS NEWBRIDGE",
JC,CCSTC,"CCS TALMAGE COMM BASED SCH",
JC,CDD,"CHILD DEVELOPMT DIVISION",
JC,INCLU,"INCLUSIVE PRESCHOOL",
JC,LY,LAYTONVILLE,
JC,LYBR,"LAYTONVILLE BRANSCOMB SCH",
JC,PVJH,"POTTER VALLEY JUNIOR HIGH",
JC,SEORR,"ORR CREEK",
JC,SP,"INDEPENDENT STATE PRESCHOOLS",
JC,SPCV,"STATE PRESC COYOTE VALLEY",
JC,SPTAL,"STATE PRESC TALMAGE",
JC,UKGH,"UKIAH GRACE HUDSON",
JC,UKNPS,"UKIAH NON-PUBLIC SCHS",
JC,UKRO,"UKIAH RIVER OAK CHARTER",
JC,WBCDS,"WILLITS BAECHTEL GROVE CDS",
JC,WLV,"WILLITS LA VIDA CHARTER",
JC,WSCD,"WILLITS SECONDARY COMMUNITY DAY",
JD,01002,"ANTIOCH HIGH",
JD,01005,"BIDWELL HIGH",
JD,01008,"LIVE OAK HIGH",
JD,01009,"LONDON ELEM",
JD,01012,"MUIR ELEM",
JD,01016,"TURNER ELEM",
JD,01017,"BLACK DIAMOND MIDDLE",
JD,01018,"DEER VALLEY HIGH",
JD,01019,"MNO GRANT ELEM",
JD,01023,"CARMEN DRAGON ELEM",
JD,01024,"DOZIER LIBBEY MEDICAL HIGH",
JD,02011,"PIONEER SCH",
JD,02012,"MARSH CREEK ELEM",
JD,02013,"J DOUGLAS ADAMS MIDDLE",
JD,04,"CCCOE! NOT SELPA",
JD,04001,"CCCOE! CENTRAL",
JD,04002,"CCCOE! MARCHUS",
JD,04003,"CCCOE! FAR EAST",
JD,04004,"CCCOE! EAST-TURNER",
JD,06002,"OLD RIVER ELEM",
JD,07005,"HERITAGE HIGH SCHOOL",
JD,07006,"INDEPENDENCE HIGH",
JD,07007,GATEWAY,
JD,09007,"IRON HOUSE ELEM",
JD,09103,"OAKLEY PRESCH",
JD,10015,"WILLOW COVE ELEM",
JD,10016,"MARINA VISTA ELEM",
JD,16010,"PLEASANT HILL MIDDLE",
JD,16011,"YGNACIO VALLEY ELEM",
JD,20014,"FOUNDATIONS THERAPY NPA",
JJ,ALTED,"ALTERNATIVE EDUCATION",
JJ,CDE,"COMMUNITY DAY ELEM",
JJ,CDS,"COMMUNITY DAY SECONDARY",
JK,18,"VENITIA VALLEY MIDDLE",
JM,046,PRESCHOOLERS,
JP,13SUM,"LENNOX ACADEMY SUMMER SCH",
JP,68,"LENNOX MIDDLE - 6TH GRADE ONLY",
JP,PTN,"PEDIATRIC THERAPY NETWORK",
JT,ADE,"ADULT EDUCATION",
JT,CDS,"COMMUNITY DAY SCHOOL",
JT,CHA,"CHARTER SCHOOL",
JT,COL,"COLLEGE OF MARIN",
JT,HOME,"HOME SCHOOL",
JT,NIS,"NOVA INDEP STUDY",
JT,NPS,"NON PUBLIC SCH",
JT,SUM,"SUMMER SCHOOL",
JU,100,"NO LONGER IN DISTRICT",
JU,21,"HICKS ELEM",
JU,30,"SCHOOL READINESS PROG",
JU,45,"NPS - PRIVATE SCHOOLS",
JU,ALTON,"ALTON SCHOOL",
JU,BCLC,"BLIND CHILDRENS LEARNING CTR",
JU,CALV,CALVARY,
JU,CANAL,"CANAL STREET ELEM",
JU,CHYCC,"CINNAMON HILLS YOUTH CRISIS CTR",
JU,DEVCW,"DEVEREUX CLEO WALLACE",
JU,FLC,"FAMILY LIFE CENTER",
JU,HOME,"HOME TEACHING",
JU,HOSP,HOSPITAL,
JU,KDHH,"KAISER DEAF & HARD OF HEARING",
JU,KMV,"KEYSTONE MAR VISTA",
JU,LOGAN,"LOGAN RIVER ACADEMY",
JU,MARDA,"MARDAN CTR EDUCATIONAL THERAPY",
JU,MEAD,"MEADOW PARK SPECIAL PROGS",
JU,NPSRH,"RED HILL LUTHERAN",
JU,OAKRI,"OAK RIDGE",
JU,OTPT,"CONTRACT OT/PT SERVICES",
JU,PCC,"PACIFIC COAST COLLEGE",
JU,SLDC,"SPEECH AND LANGUAGE DEVEL CTR",
JU,SPCH,"CONTRACTED SPEECH SVCS",
JU,SUMM,"SUMMER SCHOOL",
JU,TAFT,"TAFT K-5",
JU,THERA,"THERAPEUTIC EDUCATION CTRS",
JU,TRANS,"TRANSITION PROGRAM",
JU,TUST,"THE TUSTIN CENTER",
JU,UCIDC,"UCI DEVELOPMENT CENTER",
JY,CUICC,"CUI HDST CLAUDIO CARMONA CTR",
JY,CUIJV,"CUI JOSEPH VOGEL HEADSTART",
JY,CUIVJ,"CUI VICTOR JAIME HEADSTART",
JY,IVCEC,"IMP VLY CTR EXCPTNL CHLDRN",
JY,KIDS,"KIDS R US PRESCHOOL",
JY,KINGS,"LITTLE KINGS PRESCHOOL",
JY,NPI,"PRIVATE SCHOOL STUDENTS",
JY,RCOEM,"RCOE MIGRANT HEADSTART",
JY,WAG,"TL WAGGONER SCH",
KA,ACDS,"ACADEMY COMMUNITY DAY SCH",
KA,CH2K,"CHOICE 2000 ONLINE CHARTER",
KA,HHS,"HERITAGE HIGH SCH",
KC,05,"ANAVERDE        AV",
KC,13,"ESPERANZA       EZ (WAS 29)",
KD,HEAD,"HEADSTART THERMALITO",
KD,HERI,HERITAGE,
KD,MESA,"MESA VISTA",
KD,PAPS,"POPLAR AVE PRESCHOOL",
KD,PION,"PIONEER COMM DAY SCH",
KD,PLUM,"PLUMAS AVENUE SCH",
KD,SAPS,"SIERRA AVE PRESCHOOL",
KD,STTH,"ST. THOMAS",
KL,CES,"CALIFORNIA EARLY START",
KL,CHS,"COLEVILLE HIGH",
KL,HOME,"HOME INTRUCTION",
KL,INF,"INFANT PROGRAM",
KL,JWCS,"JAN WORK COMMUNITY",
KL,SCDS,"SAWTOOTH COMMUNITY DAY",
KL,SHS,"SIERRA HIGH",
KP,NPS,"NON PUBLIC SCHOOL",
KP,TECH,"TECHNOLOGY HIGH SCH",
LB,098,"STOREFRONT/STU SUPT SVC",
LB,491,"HI-HILL CAMP",
LB,638,"MUIR MIDDLE",
LD,DO,"DISTRICT OFFICE",
LD,LCDC,"LINCOLN CHILD DEV CTR",
LD,MKPRE,"MCKINLEY PRESCHOOL",
LD,PINE,"PINE STREET CHILD DEV CTR",
LD,SEIS,SEIS,
LL,LE,"LOLETA ELEM",
LN,AEOL,"AEOLIAN ELEM",
LN,LNMS,"LOS NIEDOS MIDDLE",
LN,NELS,"ADA S NELSON ELEM",
LN,RSG,"RANCHO SANTA GERTRUDES ELEM",
LY,998,"KAPLAN LEARNING ACAD",
LY,999,"LYNWOOD PROGRAMS",
LY,AE,"ABBOTT ELEMENTARY",
LY,CCMS,"CESAR CHAVEZ MIDDLE",
LY,FHS,"FIREBAUGH HIGH",
LY,HKE,"HELEN KELLER ELEM",
LY,HMS,"HOSLER MIDDLE",
LY,LBE,"LINDBERGH ELEM",
LY,LCE,"LINCOLN ELEM",
LY,LGE,"LUGO ELEM",
LY,LHS,"LYNWOOD HIGH",
LY,LMS,"LYNWOOD MIDDLE",
LY,MTE,"MARK TWAIN ELEM",
LY,NPS,"NON PUBLIC SCHOOLS",
LY,PHS,"PATHWAY HIGH",
LY,RE,"ROOSEVELT ELEM",
LY,RPE,"ROSA PARKS ELEM",
LY,TME,"THURGOOD MARSHALL ELEM",
LY,VHS,"VISTA CONTINUATION HIGH",
LY,WAE,"WASHINGTON ELEM",
LY,WLE,"WILSON ELEM",
LY,WRE,"WILL ROGERS ELEM",
MA,BEGIN,BEGINNINGS,
MA,BEGIS,"BEGINNINGS SITE",
MA,BLODG,BLODGETT,
MA,BRYNE,BRYNER,
MA,CASPA,"CASPAR CREEK (MVCS K-5)",
MA,COOVE,COOVER,
MA,DAVIS,DAVIS,
MA,DIAMO,"DIAMOND VIEW",
MA,FEARR,FEARRIEN,
MA,FRANK,FRANKLIN,
MA,FREE2,"FREE 2 LEARN",
MA,FRYLI,FRYLING/ODEGARD,
MA,GIBSO,GIBSON,
MA,GOODM,GOODMAN,
MA,GOODR,GOODROW,
MA,HONEY,"HONEYDEW ELEM",
MA,IS,"MUSD INDEPENDENT STUDY",
MA,JONES,JONES,
MA,KAUFM,KAUFMAN,
MA,KAYE,KAYE,
MA,LAURE,"LAUREL TREE",
MA,MATTO,"MATTOLE ELEM",
MA,MVCS,"MATTOLE VALLEY CHARTER",
MA,NCLA,"NORTH COAST LEARNING ACAD",
MA,NEU,NEU,
MA,PETER,PETERSON,
MA,RAVIT,RAVITZ,
MA,REDWA,REDWAY,
MA,RICHA,RICHARDSON,
MA,RIVER,"RIVER VALLEY",
MA,ROEBU,ROEBUCK,
MA,ROSEB,ROSEBERRY,
MA,SCHAR,SCHARLACK,
MA,SHAST,"MT. SHASTA",
MA,SHEPA,SHEPARD,
MA,SHERM,SHERMER,
MA,SMITH,SMITH,
MA,SPRIN,SPRINGVILLE,
MA,STAMM,STAMM,
MA,THREE,"THREE RIVERS",
MA,TJHS,"TRIPLE JUNCTION HIGH",
MA,WALSH,WALSH,
MA,WIGGI,WIGGINTON,
MA,WILLO,"WILLOW BROOK",
MW,1,"MARK WEST ELEM",
MW,11,"MARK WEST CHARTER",
MW,2,"SAN MIGUEL ELEM",
MW,3,"RIEBLI ELEM",
MW,5,"NON PUBLIC SCHOOLS",
NA,NP4,"NATOMAS PACIF PATH PREP MIDDLE",
NA,NVIEW,"NORTHVIEW HEAD START",
NE,001,"NEWHALL ELEM (02)",
NE,002,"PEACHLAND ELEM (04)",
NE,003,"WILEY CANYON ELEM (07)",
NE,004,"OLD ORCHARD ELEM (03)",
NE,005,"MEADOWS ELEM (01)",
NE,006,"VALENCIA VALLEY ELEM (06)",
NE,007,"STEVENSON RANCH ELEM (05)",
NE,008,"PICO CANYON ELEM (08)",
NE,009,"MCGRATH ELEM (09)",
NE,010,"OAK HILLS ELEM (010)",
NE,080,PRESCHOOLERS,
NH,ARCA,"ARCATA HIGH",
NH,CDS,"COMMUNITY DAY SCHOOL",
NH,MCKI,"MCKINLEYVILLE HIGH",
NH,NHAD,"N HUMBOLDT ADULT",
NH,NHCD,"N HUMBOLDT COMM DAY SCH",
NH,PACI,"PACIFIC COAST CONT HIGH",
NH,SIXR,"SIX RIVERS CHARTER HIGH",
NH,TSUR,"TSURAI CONT HIGH",
NM,022,"HARPER PRESCHOOL",
NM,032,"ADAMS ELEM & PS",
NM,034,"WOODLAND ELEM",
NM,036,"CALIFORNIA ELEM",
NM,038,"COLLEGE PARK ELEM",
NM,039,"DAVIS ELEM",
NM,040,"HARBOR VIEW ELEM & PS",
NM,041,"KAISER ELEM",
NM,042,"KILLYBROOKE ELEM & PS",
NM,043,"LINCOLN ELEM",
NM,044,"MARINERS ELEM",
NM,046,"NEWPORT COAST ELEM",
NM,048,"NEWPORT ELEM",
NM,049,"NEWPORT HEIGHTS ELEM",
NM,050,"PAULARINO ELEM & PS",
NM,051,"POMONA ELEM & PS",
NM,052,"REA ELEM & PS",
NM,053,"SONORA ELEM & PS",
NM,054,"VICTORIA ELEM",
NM,055,"WHITTIER ELEM & PS",
NM,056,"WILSON ELEM & PS",
NM,058,"EASTBLUFF ELEM",
NM,059,"ANDERSEN ELEM",
NM,060,"BACK BAY HIGH",
NM,061,"MIDDLE COLLEGE HIGH",
NM,062,"MONTE VISTA HIGH",
NM,063,"EARLY COLLEGE HIGH",
NM,065,"CREDIT RECOVERY CENTER",
NM,068,"ENSIGN MIDDLE",
NM,072,"TEWINKLE MIDDLE",
NM,076,"CORONA DEL MAR HIGH",
NM,077,"COSTA MESA HIGH",
NM,078,"ESTANCIA HIGH",
NM,079,"NEWPORT HARBOR HIGH",
NM,080,"NON-PUBLIC SCHOOLS",
NM,NMA,"NEWPORT MESA ADULT",
NV,01,"SELPA UNNAMED SITE",
NV,12,"SELPA UNNAMED SITE",
NV,31,"NAPA VLY ALT ELEM",
NV,33,"NAPA VLY ALT HIGH",
NV,45,"SUMMER SCHOOL",
NV,46,"SUMMER SCHOOL",
NV,47,"SUMMER SCHOOL",
NV,99,"TEST SITE CODE",
NV,AP,"ST APOLLINARIS",
NV,FA,"FOOTHILLS ADVENTIST",
NV,FC,"FIRST CHRISTIAN SCH",
NV,HB,"HOPEWELL BAPTIST",
NV,HH,"HOME HEALTH",
NV,JL,"ST JOHN LUTHERAN",
NV,NPS,"OTHER NON PUBLIC SCHOOL",
NV,SJ,"ST JOHN'S CATHOLIC",
OA,ADOBE,"OLD ADOBE ELEM",
OA,BERNA,"BERNARD ELDREDGE ELEM",
OA,LATER,"LATERCERA ELEM",
OA,MCKIN,"MCKINLEY ELEM (PS ONLY)",
OA,MIWOK,"MIWOK VALLEY ELEM",
OA,PS,"PRESCHOOL SITE UNSPEC",
OA,SONOM,"SONOMA MOUNTAIN ELEM",
OH,ACHS,"ADOLPHO CAMARILLO HIGH SCHOOL",
OH,CIHS,"CHANNEL ISLANDS HIGH SCHOOL",
OH,FHS,"FRONTIER HIGH SCHOOL",
OH,HHS,"HUENEME HIGH SCHOOL",
OH,NPS,"DISTRICT PROGRAM (NPS)",
OH,OHS,"OXNARD HIGH SCHOOL",
OH,PHS,"PACIFICA HIGH SCHOOL",
OH,RMHS,"RIO MESA HIGH SCHOOL",
PE,MAR,MARCE,
PE,RW,"RAILWAY ELEM",
PE,SV,"SKY VIEW ELEM",
PN,CEC,"CESAR E CHAVEZ MIDDLE",
PN,PES,"PLANADA ELEMENTARY",
PN,PRE,PRESCHOOLS,
PS,130,"RIO VISTA ELEM",
PS,134,"CABOT YERXA ELEM",
PS,441,"PSUSD ADULT EDUCATION",
PS,EIAT,"EARLY INTERVENTION",
PS,NPS,"NON-PUBLIC SCHOOL",
PS,PSVP,"PALM SPGS VIRTUAL PRESCHOOL",
PV,904,"WATSONVILLE HIGH",
PV,905,"RENAISSANCE HIGH CONT",
PV,906,"PAJARO VALLEY HIGH",
PV,907,"NEW SCHOOL/COMM DAY SCH",
PV,910,"ROLLING HILLS MIDDLE",
PV,912,"APTOS JR HIGH",
PV,915,"PAJARO MIDDLE",
PV,916,"CESAR CHAVEZ MIDDLE",
PV,917,"NEW COMMUNITY DAY MIDDLE",
PV,928,"LANDMARK ELEM",
PV,930,"AMESTI ELEM",
PV,931,"ALIANZA CHARTER ELEM",
PV,933,"BRADLEY ELEM",
PV,935,"FREEDOM ELEM",
PV,937,"HALL DISTRICT ELEM",
PV,939,"T S MACQUIDDY ELEM",
PV,941,"MINTIE WHITE ELEM",
PV,942,"RADCLIFF ELEM",
PV,944,"STARLIGHT ELEM",
PV,946,"VALENCIA ELEM",
PV,948,"PACIFIC COAST CHARTER",
PV,953,"DUNCAN HOLBERT",
PV,ACHIE,"ACHIEVE-SAN JOSE",
PV,APTOS,"APTOS ACADEMY",
PV,BAYSC,"THE BAY SCHOOL",
PV,CAMPH,"CAMPHILL SPECIAL SCHOOL",
PV,CEIBA,"CEIBA COLLEGE PREP ACAD",
PV,ESPER,"ESPERANZA MIDDLE SCHOOL",
PV,NPS,"NON PUBLIC SCHOOL",
PV,QUETZ,"ESQUELA QUETZAL",
PV,SUMMI,"SOLANO SUMMIT ACADEMY",
RD,EPE,"EAGLE PRAIRIE ELEM",
RD,MMS,"MONUMENT MIDDLE SCHOOL",
RI,2,"RIO DEL NORTE ELEM",
RI,3,"RIO ROSALES ELEM",
RI,4,"RIO LINDO ELEM",
RI,5,"RIO REAL ELEM",
RI,6,"RIO PLAZA ELEM",
RI,7,"RIO DEL MAR ELEM",
RI,8,"RIO DEL VALLE MIDDLE",
RI,9,"RIO VISTA MIDDLE",
RI,ASSIS,"ASSISTANCE LEAGUE",
RI,CDS,"RIO COMMUNITY DAY SCH",
RI,ELRIO,"EL RIO ELEM (06-07 ONLY)",
RI,KEYST,"KEYSTONE SCHOOL",
RI,NPS,"NON PUBLIC SCHOOL",
RI,PASSA,PASSAGEWAYS,
RL,01,"REDLANDS HIGH",
RL,02,"ORANGEWOOD HIGH",
RL,05,"CITRUS VALLEY HIGH",
RL,07,"REDLANDS EAST VLY HIGH",
RL,10,"BEATTIE MIDDLE",
RL,11,"CLEMENT MIDDLE",
RL,12,"COPE MIDDLE",
RL,13,"MOORE MIDDLE",
RL,20,"BRYN MAWR ELEM",
RL,21,"CRAFTON ELEM",
RL,22,"ARROYO VERDE ELEM",
RL,24,"FRANKLIN ELEM",
RL,25,"KIMBERLY ELEM",
RL,26,"KINGSBURY ELEM",
RL,27,"LUGONIA ELEM",
RL,28,"MARIPOSA ELEM",
RL,29,"MCKINLEY ELEM",
RL,30,"MENTONE ELEM",
RL,31,"CRAM ELEM",
RL,32,"SMILEY ELEM",
RL,33,"VICTORIA ELEM",
RL,34,"HIGHLAND GROVE ELEM",
RL,35,"JUDSON & BROWN ELEM",
RL,41,"RISE PROGRAM ELEM",
RL,42,"RISE PROGRAM MIDDLE",
RL,43,"RISE PROGRAM HIGH",
RL,45,"DISTRICT PROGRAMS",
RL,46,"REDLANDS SPEC EARLY ED DEV",
RL,54,"FRANKLIN PRESCHOOL",
RL,57,"LUGONIA PRESCHOOL",
RL,60,"REG ED PRESCH @ MENTONE",
RL,63,"VICTORIA PRESCHOOL",
RL,77,"PRIVATE SCHOOL (NPS)",
RL,88,"OTHER SCHOOL IN CALIF",
RL,888,"INACTIVE SCHOOL",
RL,99,"OUTSIDE OF CALIFORNIA",
RL,RSEED,"REDLANDS SPEC EARLY ED DEV",
RU,002,"BOYD ELEM",
RU,003,"HENRY ELEM",
RU,004,"CASEY ELEM",
RU,005,"DUNN ELEM",
RU,007,"MYERS ELEM",
RU,008,"KELLEY ELEM",
RU,009,"MORGAN ELEM",
RU,010,"TRAPP ELEM",
RU,011,"BEMIS ELEM",
RU,012,"DOLLAHAN ELEM",
RU,013,"SIMPSON ELEM",
RU,014,"HUGHBANKS ELEM",
RU,015,"MORRIS ELEM",
RU,016,"FITZGERALD ELEM",
RU,017,"RIALTO MIDDLE",
RU,018,"FRISBIE MIDDLE",
RU,019,"KOLB MIDDLE",
RU,020,"EISENHOWER HIGH",
RU,021,"MILOR HIGH",
RU,022,"RIALTO HIGH",
RU,026,"KUCERA MIDDLE",
RU,032,"ADULT ED SCH",
RU,036,"GARCIA ELEM",
RU,040,"CURTIS ELEM",
RU,045,"JEHUE MIDDLE",
RU,046,"RIALTO MIDDLE SUMMER SCH",
RU,047,"JEHUE MIDDLE SUMMER SCH",
RU,048,"KUCERA MIDDLE SUMMER SCH",
RU,050,MORGAN-INTERSESSION,
RU,051,MYERS-INTERSESSION,
RU,052,DUNN-INTERSESSION,
RU,053,HUGHBANKS-INTERSESSION,
RU,054,"CARTER HIGH SUMMER SCH",
RU,055,"KOLB MIDDLE SUMMER SCH",
RU,056,"E H S SUMMER SCH",
RU,057,"R H S SUMMER SCH",
RU,058,"FRISBIE MIDDLE SUMMER SCH",
RU,060,"ZUPANIC HIGH",
RU,062,"CARTER HIGH",
RU,063,"MILOR LIFE SKILLS",
RU,065,"CARTER-WALTERS PREP",
RU,066,"PROJECT HOPE",
RU,068,"SPECIAL ED COMM DAY SCH",
RU,069,"CWA COMMUNITY DAY SCH",
RU,070,"COMMUNITY HOME BASE ELEM",
RU,071,"COMMUNITY HOME BASE SEC",
RU,072,"STUDENT SVCS ELEM",
RU,073,"STUDENT SVCS MID",
RU,074,"STUDENT SVCS HIGH",
RU,076,"STUDENT SVCS PS",
RU,078,"STUDENT SVC LIFE SKILLS",
RU,080,"STU SVCS HUGHBANKS MH/CH PS",
RU,089,"EHS IND STUDY",
RU,090,"ELEMENTARY ALT ED",
RU,091,"MIDDLE SCHOOL ALT ED",
RU,150,"REGISTRATION CENTER",
RU,157,"COUNTY COMMUNITY DAY SCH",
RU,184,"ROCKING HORSE PRESCH",
RU,185,"DUNN PRESCHOOL #2",
RU,222,"ROCKING HORSE CHILD CARE",
RU,375,"ALTERNATIVE ED",
RU,500,"ELEMENTARY INACTIVE SCH",
RU,736,"BOYD ELEM K-LINK",
RU,737,"CASEY ELEM K-LINK",
RU,738,"CURTIS ELEM K-LINK",
RU,739,"DUNN ELEM K-LINK",
RU,740,"GARCIA ELEM K-LINK",
RU,741,"HENRY ELEM K-LINK",
RU,742,"KELLEY ELEM K-LINK",
RU,743,"MORGAN ELEM K-LINK",
RU,744,"MORRIS ELEM K-LINK",
RU,745,"MYERS ELEM K-LINK",
RU,746,"SIMPSON ELEM K-LINK",
RU,747,"PRESTON ELEM K-LINK",
RU,767,"HEALTH SERVICES CLINIC",
RU,903,"HENRY ELEM COUNTY SCH",
RU,904,"CASEY ELEM COUNTY SCH",
RU,911,"BEMIS ELEM COUNTY SCH",
RU,912,"DOLLAHAN ELEM COUNTY SCH",
RU,917,"RIALTO MIDDLE COUNTY SCH",
RU,918,"FRISBIE MIDDLE COUNTY SCH",
RU,919,"KOLB MIDDLE COUNTY SCH",
RU,920,"EISENHOWER HIGH COUNTY SCH",
RU,922,"RIALTO HIGH COUNTY SCH",
RU,926,"KUCERA MIDDLE COUNTY SCH",
RU,945,"JEHUE MIDDLE COUNTY SCH",
RV,AUST,"AUSTIN CREEK SCHOOL",
RV,BINK,BINKLEY,
RV,MADR,MADRONE,
RV,MATA,MATANZAS,
RV,RCSS,"REDWOOD CONSORTIUM",
RV,RINC,"RINCON VALLEY CHARTER",
RV,SEQU,SEQUOIA,
RV,SPRI,"SPRING CREEK",
RV,VILL,VILLAGE,
RV,WHIT,WHITED,
SC,BA,"BAYWOOD ELEM",
SC,BP,"BISHOP'S PEAK/TEACH ELEM",
SC,BSFCS,"BELLEVUE-SANTA FE CHARTER",
SC,CLS,"CL SMITH ELEM (SM)",
SC,DM,"DEL MAR ELEM",
SC,DO,"CSIS DISTRICT OFFICE",
SC,HA,"HAWTHORNE ELEM",
SC,LAMS,"LAGUNA MIDDLE",
SC,LOMS,"LOS OSOS MIDDLE",
SC,LR,"LOS RANCHOS ELEM",
SC,MBHS,"MORRO BAY HIGH",
SC,MG,"MONARCH GROVE ELEM",
SC,PA,"PACHECO ELEM",
SC,PBHS,"PACIFIC BEACH HIGH",
SC,PS,PRESCHOOLERS,
SC,SI,"SINSHEIMER ELEM",
SC,SLOCY,"SAN LUIS OBISPO COUNTY",
SC,SLOHS,"SAN LUIS OBISPO HIGH",
SC,TE,"TEACH ELEM",
SF,035,"NPS - TIMOTHY MURPHY SCHOOL",
SF,036,"NPS - CHARLES ARMSTRONG",
SF,038,"NPS - YOUTH CARE OF UTAH",
SF,039,"NPS - SPECTRUM CTR DALY CITY",
SF,044,"NPS - SUNNY HILLS J R SYLLA",
SF,046,"NPS - LINCOLN CHILDREN CENTER",
SF,075,"NPS - FAMILY LIFE CENTER",
SF,086,"NPS - OAK HILLS SCHOOL",
SF,087,"NPS - ORION ACADEMY",
SF,095,"CALIF SCHOOL FOR THE DEAF",
SF,099,"NPS - HERGL",
SF,106,"NPS - CTR FOR ED OF INFANT DEAF",
SF,152,"SCHOOL HEALTH CTR (1515 QUINN)",
SF,201,"PRE-K SPCH ONLY AT ROSA PARKS",
SF,202,"PRE-K SPCH ONLY AT SAN MIGUEL",
SF,400,SFUSD,
SF,401,"ELEMENTARY LEVEL NOT ASSIGNED",
SF,402,"MIDDLE LEVEL NOT ASSIGNED",
SF,403,"HIGH LEVEL NOT ASSIGNED",
SF,441,"BAYVIEW SPECIAL SERVICE CTR",
SF,445,"BAYVIEW ESSENTIAL SCHOOL",
SF,458,"EARLY MORNING STUDY PROGRAM",
SF,459,"CYBER HIGH",
SF,460,"COMMUNITY YOUTH CENTER",
SF,482,"COUNTY COMMUNITY MIDDLE",
SF,484,"CITY ARTS & TECH CHARTER HIGH",
SF,486,"COMMUNITY HOME BASE EDUCATION",
SF,487,"WALDEN HOUSE INC ACAD",
SF,489,"BACK ON TRACK",
SF,494,"MILTON MYER CDC",
SF,496,"MISSION PARK & RECREATION",
SF,500,"O'CONNELL COMMUNITY DAY",
SF,502,"SOUTHEAST COMMUNITY DAY",
SF,515,"EDGEWOOD (SPEC ED NPS)",
SF,518,"ENVISION SCHOOLS",
SF,522,"ELLA HILL HUTCH COMMUNITY CTR",
SF,530,"ESCALON (SPEC ED NPS)",
SF,539,"DIANNE FEINSTEIN ELEM",
SF,545,"FLORENCE CRITTENTON",
SF,547,"FRANCIS SCOTT KEY ANNEX LRNG CTR",
SF,551,"FIVE KEYS INDEPENDENCE HIGH",
SF,552,"FIVE KEYS ADULT SCHOOL",
SF,601,HANCOCK/COOPER,
SF,621,"SF INTERNATIONAL HIGH",
SF,635,"JAMESTOWN LRNG CENTER HIGH",
SF,646,"JOHN L ROBERTS DEVELOPMENT CTR",
SF,648,"JOHN MCLAREN PARK COUNTY CDS",
SF,651,"JOHN O'CONNELL TECH ALT HIGH",
SF,655,"JUMP ACADEMY CHARTER",
SF,672,"LARKIN STREET YOUTH CTR",
SF,673,"LANGLEY PORTER (SPEC ED NPS)",
SF,694,"LOUISE LOMBARD NEC SM HIGH",
SF,717,"MCAULEY CLINIC (SPEC ED NPS)",
SF,720,"METROPOLITAN ARTS & TECH",
SF,732,"MT ZION YWCA SPEC SVC CTR",
SF,740,"OAKES CHLDRN CTR (SPEC ED NPS)",
SF,755,"COLLEGE PARK",
SF,756,"SMALL NECESSARY MIDDLE",
SF,768,"PROJECT IMPACT COMMUNITY HIGH",
SF,789,"REAL ALTERNATIVES PROGRAM",
SF,798,"SF RENAISSANCE ED CENTER",
SF,809,"CREATIVE ARTS CHARTER SCH",
SF,813,"18-22 MILD/MODERATE PROGRAM",
SF,814,"SF POSTAL STREET ACADEMY",
SF,821,"SAND PATHS HIGH",
SF,824,"SPECIAL ED HOME/HOSPITAL SITES",
SF,825,"SPECIAL ED PRE-KINDERGARTEN",
SF,827,"SPECIAL ED PRIVATE/PAROCHIAL",
SF,828,"SPECIAL ED STATE SPECIAL SCH",
SF,829,"SPECIAL ED NON-PUBLIC SCH",
SF,831,"OPERATION STAY IN SCHOOL",
SF,832,"ACAD OF ARTS & SCI AT SOTA",
SF,840,"ST ELIZABETH SSC",
SF,859,"TENDERLOIN COMMUNITY ELEM",
SF,863,"URBAN PIONEER EXPERIENTIAL ACAD",
SF,864,"UCSF CHILD LIFE SCHOOL PROG",
SF,888,"IST-DUPE RECORDS",
SF,889,"PRINCIPALS' CENTER COLLAB",
SF,899,"NEW TO SFUSD-ED PLACEMT CTR",
SF,906,"BESSIE CARMICHAEL ESEA (PK)",
SF,909,"BRET HARTE ESEA (PK)",
SF,912,"OMI - HEAD START",
SF,917,"GORDON J LAU ESEA (PRE-K)",
SF,919,"BUENA VISTA STATE PK",
SF,920,"DANIEL WEBSTER ESEA (PK)",
SF,922,"DR CHARLES DREW ESEA (PK)",
SF,924,"EARLY START PROGRAM",
SF,927,"E R TAYLOR STATE PK",
SF,931,"STARR KING ESEA (PRE-K)",
SF,932,"FAIRMOUNT TITLE I (PK)",
SF,933,"GOLDEN GATE ESEA (PRE-K)",
SF,936,"PRESIDIO CC",
SF,937,"SHERIDAN CDC",
SF,941,"CESAR CHAVEZ ESEA (PK)",
SF,952,"JOHN MUIR ESEA (PRE-K)",
SF,957,"EDISON CDC",
SF,960,"LAGUNA GOLDEN GATE CDC",
SF,966,"MISSION (PRE-K)",
SF,973,"PAUL REVERE CDC",
SF,974,"POTRERO TERR/STARR KING CDC",
SF,982,"SANCHEZ ESEA (PRE-K)",
SF,990,"SAN MIGUEL CC",
SF,991,"MILK CDC",
SF,993,"21ST CENTURY ESEA (PK)",
SF,996,"ITD TEST SCHOOL",
SF,999,"LEFT DISTRICT (SYS/PROG)",
SH,04,"OSPREY LRNG CTR CONTINUATION",
SH,07,"SOUTH FORK JR & SR HIGH",
SH,10,"OSPREY LRNG CTR INDEP STUDY",
SH,13,"REDWAY ELEM",
SH,21,"AGNES JOHNSON ELEM",
SH,39,"WHITETHORN ELEM",
SH,93,"ETTERSBURG ELEM",
SH,97,"CASTERLIN ELEM",
SI,300,"FALLER ELEM",
SI,301,"GATEWAY ELEM",
SI,303,"INYOKERN ELEM",
SI,304,"LAS FLORES ELEM",
SI,305,"PIERCE ELEM",
SI,306,"RAND ELEM",
SI,307,"RICHMOND ELEM",
SI,315,"PIERCE AFTER SCHOOL PROG",
SI,401,"BURROUGHS HIGH",
SI,402,"MESQUITE HIGH",
SI,403,"COMMUNITY DAY SCHOOL",
SI,404,"JAMES MONROE MIDDLE",
SI,405,"MURRAY MIDDLE",
SI,719,PRESCHOOL,
SI,SELPA,"SIERRA SANDS SELPA",
SS,099,"EARLY START PROGRAM",
SS,NPS,"NON-PUBLIC SCHOOL",
SW,10,PRESCHOOL,
SW,11,"LAKE MARIE ELEM",
SW,12,"LOMA VISTA ELEM",
SW,13,"MONTE VISTA ELEM",
SW,14,"HOWARD J. MCKIBBEN ELEM",
SW,16,"TELECHRON SCHOOL",
SW,17,"LOS ALTOS ELEM",
SW,21,"CARMELA ELEM",
SW,22,"RICHARD L. GRAVES MIDDLE",
TC,20,"ADULT EDUCATION",
TC,30,"CASHEE VALENZUELA",
TC,45,"SUMMER SCHOOL",
TC,46,"SUMMER SCHOOL",
TC,7,HOME/HOSPITAL,
TC,8,"COUNTY / REGIONAL / NPS",
VA,AEPUT,"ALT ED - UTP PROGRAM",
VA,ALAMO,"ALAMO ELEM",
VA,BROWN,"BROWNS VALLEY ELEM",
VA,BUCKI,"BUCKINGHAM CHARTER",
VA,CALLI,"CALLISON ELEM",
VA,COOPE,"COOPER ELEM",
VA,COUNT,"COUNTRY HIGH",
VA,FAIRM,"FAIRMONT ELEM",
VA,HEMLO,"HEMLOCK ELEM",
VA,HOME,"HOME HOSPITAL",
VA,INDEP,"INDEPENDENT STUDY",
VA,JEPSO,"JEPSON MIDDLE",
VA,LARSE,"LARSEN PRESCHOOL",
VA,MARKH,"MARKHAM ELEM",
VA,NPS,"NON PUBLIC SCHOOLS",
VA,ORCHA,"ORCHARD ELEM",
VA,OTHER,"OTHER VUSD PROGRAMS",
VA,PADAN,"PADAN ELEM",
VA,SIERR,"SIERRA VISTA ELEM",
VA,SPED,"SPECIAL ED",
VA,SUMHI,"SUMMER HIGH SCHOOL",
VA,VACAP,"VACA PENA MIDDLE",
VA,VACAV,"VACAVILLE HIGH",
VA,VACCD,"VACAVILLE COMMUNITY DAY",
VA,VPREP,"VACA DAY PREP",
VA,WILLC,"WILL C. WOOD HIGH",
WH,01,"WHITTIER HIGH",
WH,03,"CALIFORNIA HIGH",
WH,04,"SANTA FE HIGH",
WH,05,"SIERRA VISTA HIGH",
WH,06,"PIONEER HIGH",
WH,07,"LA SERNA HIGH",
WH,1300,WACSEP,
WH,4100,"FRONTIER HIGH",
WH,7034,"NON PUBLIC SCHOOL",
WH,7130,TRANSITION,
WR,BB,BELLEVUE,
WR,HR,"UNIVERSITY PREP",
WR,JR,"CHARTER JR HIGH",
WR,JW,"J.X. WILSON",
WR,KB,KAWANA,
WR,MB,"MEADOW VIEW",
WR,RR,ROSELAND,
WR,RW,"R.L. STEVENS",
WR,SR,SHEPPARD,
WR,TB,"TAYLOR MTN",
WR,WR,WRIGHT,
WU,CCC,"CALI CALMECAC CHARTER   (500)",
WU,CCC68,"CALI CALMECAC CHART 6-8 (510)",
WU,NCC,"NORTH COUNTY CONSORTIUM (350)",
WU,VCS,"VILLAGE CHARTER SCH",
WU,WAE,"WINDSOR ADULT ED",
