"District Administrative Assistant","Alexander Valley School District"
"Mental Health Counselor","Alexander Valley School District"
"Principal Designee","Alexander Valley School District"
"Resource Specialist Program Teacher/MAA Coordinator","Alexander Valley School District"
"School Nurse ","Alexander Valley School District"
"School Psychologist ","Alexander Valley School District"
"Speech and Language Specialist","Alexander Valley School District"
Superintendent/Principal,"Alexander Valley School District"
"Communication Specialist (Speech Therapist)","Arcata Elementary School District"
"District Secretary/Account Technician","Arcata Elementary School District"
"Instructional Aide","Arcata Elementary School District"
"Intermediate School Counselor","Arcata Elementary School District"
"Office Aide","Arcata Elementary School District"
"Resource Specialist Teacher","Arcata Elementary School District"
"School Nurse","Arcata Elementary School District"
"School Psychologist","Arcata Elementary School District"
Superintendent,"Arcata Elementary School District"
"Teacher of the Educable Mentally Retarded","Arcata Elementary School District"
"Teacher - Learning Efficiency Development Program ","Arcata Elementary School District"
"Behavior Intervention Specialist Assistant","Bellevue Union School District"
"Coordinator of School Nursing Programs","Bellevue Union School District"
"Counselor Intern Supervisor","Bellevue Union School District"
"Director of Counseling","Bellevue Union School District"
"Elementary Classroom Teacher - Educationally Handicapped and Learning Disabilty","Bellevue Union School District"
"Family Advocate","Bellevue Union School District"
"Full Inclusion Teacher - Case Manager","Bellevue Union School District"
Principal,"Bellevue Union School District"
"School Nurse","Bellevue Union School District"
"School Psychologist","Bellevue Union School District"
"Special Education Coordinator","Bellevue Union School District"
"Special Education Director","Bellevue Union School District"
"Speech, Hearing and Language Specialist","Bellevue Union School District"
Superintendent,"Bellevue Union School District"
"Attendance Clerk","Blue Lake Union Elementary School District"
"Business Manager","Blue Lake Union Elementary School District"
"Healthy Start Case Manager ","Blue Lake Union Elementary School District"
"Healthy Start Coordinator","Blue Lake Union Elementary School District"
"Healthy Start Parent Liaison","Blue Lake Union Elementary School District"
"Mental Health Consultant","Blue Lake Union Elementary School District"
"Outreach Advocate","Blue Lake Union Elementary School District"
"Resource Specialist Teacher","Blue Lake Union Elementary School District"
"School Nurse","Blue Lake Union Elementary School District"
"Superintendent Confidential Secretary/Assistant Business Manager","Blue Lake Union Elementary School District"
Superintendent/Principal,"Blue Lake Union Elementary School District"
Vice-Principal,"Blue Lake Union Elementary School District"
"Clean and Sober Counselor","CAL-SAFE (SCOE)"
"Department Accounting Coordinator","CAL-SAFE (SCOE)"
"Director, Youth Development, Support & Leadership","CAL-SAFE (SCOE)"
"Principal, Cal-SAFE Program","CAL-SAFE (SCOE)"
"Teacher, Cal-SAFE","CAL-SAFE (SCOE)"
"Teacher, Pregnant Minor Program","CAL-SAFE (SCOE)"
"Teaching Assistant, Court and Community School","CAL-SAFE (SCOE)"
"Business Manager/MAA Coordinator","Cinnabar Elementary School District"
"Classroom Teacher","Cinnabar Elementary School District"
Counselor,"Cinnabar Elementary School District"
"English Language Development Teacher","Cinnabar Elementary School District"
"Full Inclusion Specialist","Cinnabar Elementary School District"
"Resource Specialist Teacher","Cinnabar Elementary School District"
"School Nurse","Cinnabar Elementary School District"
"Secretary/Office Clerk","Cinnabar Elementary School District"
Superintendent/Principal,"Cinnabar Elementary School District"
"Director of Transportation","Cloverdale Unified School District"
"District Superintendent ","Cloverdale Unified School District"
"Full Inclusion Case Manager ","Cloverdale Unified School District"
Principal,"Cloverdale Unified School District"
"Resource Teacher","Cloverdale Unified School District"
"School Counselor ","Cloverdale Unified School District"
"School Psychologist ","Cloverdale Unified School District"
"Special Day Class Teacher","Cloverdale Unified School District"
"Special Education Coordinator","Cloverdale Unified School District"
"Speech Therapist/MAA Coordinator","Cloverdale Unified School District"
"Assistant Principal - High School","Cotati-Rohnert Park Unified School District"
"Assistant Principal - Junior High School","Cotati-Rohnert Park Unified School District"
"Director of Special Education","Cotati-Rohnert Park Unified School District"
"Elementary School Counselor","Cotati-Rohnert Park Unified School District"
"Executive Director","Cotati-Rohnert Park Unified School District"
"Family Advocate","Cotati-Rohnert Park Unified School District"
"Intake Worker","Cotati-Rohnert Park Unified School District"
"Principal - Continuation High School","Cotati-Rohnert Park Unified School District"
"Principal - Elementary School ","Cotati-Rohnert Park Unified School District"
"Principal - High School","Cotati-Rohnert Park Unified School District"
"Principal - Middle School","Cotati-Rohnert Park Unified School District"
"Resource Specialist Teacher","Cotati-Rohnert Park Unified School District"
"School Nurse","Cotati-Rohnert Park Unified School District"
"School Psychologist","Cotati-Rohnert Park Unified School District"
"Secondary School Counselor","Cotati-Rohnert Park Unified School District"
"Staff Secretary - Special Education","Cotati-Rohnert Park Unified School District"
"Healthy Start Assistant Coordinator","Cuddeback Union Elementary School District"
"Healthy Start Coordinator ","Cuddeback Union Elementary School District"
Principal,"Cuddeback Union Elementary School District"
"School Counselor","Cuddeback Union Elementary School District"
"School Secretary","Cuddeback Union Elementary School District"
"Speech/Language Therapist","Cuddeback Union Elementary School District"
Superintendent,"Cuddeback Union Elementary School District"
"Superintendent/Principal ","Cuddeback Union Elementary School District"
"Account Clerk II","Del Norte County Unified School District"
"Administrative Secretary","Del Norte County Unified School District"
"Assistant Principal","Del Norte County Unified School District"
"Assistant Superintendent, Curriculum and Instructional Services","Del Norte County Unified School District"
"Attendance Assistant ","Del Norte County Unified School District"
"Attendance Officer","Del Norte County Unified School District"
"Bilingual Coordinator","Del Norte County Unified School District"
"Castle Rock Charter School Principal ","Del Norte County Unified School District"
"Clerical Assistant","Del Norte County Unified School District"
Counselor,"Del Norte County Unified School District"
"Deputy Superintendent","Del Norte County Unified School District"
"Director of Communications & Grant Development","Del Norte County Unified School District"
"Director of Educational Options","Del Norte County Unified School District"
"Director of Educational Outreach","Del Norte County Unified School District"
"Director of Educational Services","Del Norte County Unified School District"
"Director of Fiscal Services","Del Norte County Unified School District"
"Director of Food Services","Del Norte County Unified School District"
"Director of Special Education","Del Norte County Unified School District"
"Director of Special Projects","Del Norte County Unified School District"
"Director of Transportation","Del Norte County Unified School District"
"Elementary Principal","Del Norte County Unified School District"
"Executive Secretary","Del Norte County Unified School District"
"Family Liaison","Del Norte County Unified School District"
"Health Services Assistant I","Del Norte County Unified School District"
"Healthy Start Coordinator","Del Norte County Unified School District"
"Language, Speech and Hearing Specialist","Del Norte County Unified School District"
"Middle School Principal","Del Norte County Unified School District"
"Occupational Therapist","Del Norte County Unified School District"
"Principal of Educational Options","Del Norte County Unified School District"
"Principal, High School","Del Norte County Unified School District"
"Project/Program Coordinator","Del Norte County Unified School District"
"School Nurse","Del Norte County Unified School District"
"School Psychologist","Del Norte County Unified School District"
"School Secretary/SARB Secretary","Del Norte County Unified School District"
"Secretary I","Del Norte County Unified School District"
"Secretary II","Del Norte County Unified School District"
"Special Education Coordinator","Del Norte County Unified School District"
"Speech, Language, and Hearing Therapist ","Del Norte County Unified School District"
Superintendent,"Del Norte County Unified School District"
Teacher,"Del Norte County Unified School District"
"Assistant Superintendent","Eureka City School District"
"Associate Superintendent - Human Resources","Eureka City School District"
"Community Liaison","Eureka City School District"
Counselor,"Eureka City School District"
"Director of Special Education","Eureka City School District"
"Director of Special Education/Psychology","Eureka City School District"
"Educational Services Technician","Eureka City School District"
"Family Services Advocate","Eureka City School District"
"Health Aide","Eureka City School District"
"Health Services Specialist","Eureka City School District"
"Healthy Start Coordinator","Eureka City School District"
"MAA Coordinator","Eureka City School District"
Nurse,"Eureka City School District"
Psychologist,"Eureka City School District"
"Psychology Intern","Eureka City School District"
"Senior Clerk Typist","Eureka City School District"
"Special Services Manager","Eureka City School District"
"Speech Therapist","Eureka City School District"
"Student Services Guidance Technician","Eureka City School District"
"Student Support Technician","Eureka City School District"
"Teacher (Human Growth & Development)","Eureka City School District"
"District Superintendent","Forestville Union School District"
"English Language Development Coordinator","Forestville Union School District"
Principal,"Forestville Union School District"
"Resource Teacher","Forestville Union School District"
"School Counselor","Forestville Union School District"
"Special Education and Student Services Coordinator","Forestville Union School District"
"Administrative Assistant","Fortuna Elementary School District"
Counselor/Psychologist,"Fortuna Elementary School District"
"District Superintendent","Fortuna Elementary School District"
"ELL Education Teacher","Fortuna Elementary School District"
"Health Aide","Fortuna Elementary School District"
"Healthy Start Coordinator","Fortuna Elementary School District"
"Healthy Start Nurse","Fortuna Elementary School District"
"Home to School Liaison","Fortuna Elementary School District"
Principal,"Fortuna Elementary School District"
"Resource Specialist","Fortuna Elementary School District"
"School Social Worker ","Fortuna Elementary School District"
Secretary,"Fortuna Elementary School District"
"Special Education Teacher - Severe/Multiple Handicapped Classroom and Special Day Class Instruction","Fortuna Elementary School District"
"Student Services Liaison","Fortuna Elementary School District"
Superintendent,"Fortuna Elementary School District"
"Academic Teacher","Fortuna High School District"
"Coordinator of Substance Abuse & Anger Management Services","Fortuna High School District"
"Coordinator, Special Education","Fortuna High School District"
Counselor,"Fortuna High School District"
"Dean of Students","Fortuna High School District"
"Eel River Valley Regional Partnership Coordinator/Case Manager","Fortuna High School District"
"Paraprofessional, Special Education","Fortuna High School District"
Principal,"Fortuna High School District"
"Program Director/Site Supervisor - Child Development/Teen Parent Program","Fortuna High School District"
"School Nurse","Fortuna High School District"
"School Psychologist","Fortuna High School District"
"Secretary, Continuation High School","Fortuna High School District"
"Secretary, Disciplinarian","Fortuna High School District"
"Special Education Teacher","Fortuna High School District"
"Speech/Language Therapist","Fortuna High School District"
"Substance Abuse and Anger Management Coordinator ","Fortuna High School District"
Superintendent,"Fortuna High School District"
"Vice Principal/Principal","Fortuna High School District"
"Youth Development Services Advocate","Fortuna High School District"
"District Administrative Assistant","Geyserville Unified School District"
"District Superintendent","Geyserville Unified School District"
"Public School Principal","Geyserville Unified School District"
"Resource Specialist Program (RSP) Teacher","Geyserville Unified School District"
"Student Support Services Liaison","Geyserville Unified School District"
"1:1 Aide","Guerneville Elementary School District"
"Business Manager","Guerneville Elementary School District"
Counselor,"Guerneville Elementary School District"
"Elementary Principal/Project Director","Guerneville Elementary School District"
"Full Inclusion Aide","Guerneville Elementary School District"
"Health Technician","Guerneville Elementary School District"
Principal,"Guerneville Elementary School District"
"RSP Teacher","Guerneville Elementary School District"
"School Secretary","Guerneville Elementary School District"
"Speech Therapist","Guerneville Elementary School District"
Superintendent/Principal,"Guerneville Elementary School District"
"Teacher: K-4 RSP/SDC Class","Guerneville Elementary School District"
"Temporary Support Assistant","Guerneville Elementary School District"
"Truancy Clerk","Guerneville Elementary School District"
"Administrative Assistant","Harmony Union School District"
"Cafeteria Clerk","Harmony Union School District"
"Health Technician","Harmony Union School District"
Superintendent/Principal,"Harmony Union School District"
"Administrative Secretary","Healdsburg Unified School District"
"Assistant Principal - Secondary","Healdsburg Unified School District"
"Bilingual Administrative Secretary","Healdsburg Unified School District"
"Bilingual School Secretary","Healdsburg Unified School District"
"Community Liaison/Bilingual Family Mentor","Healdsburg Unified School District"
"Coordinator of Pupil Services","Healdsburg Unified School District"
"Coordinator of Special Programs","Healdsburg Unified School District"
"Director of  Student Services","Healdsburg Unified School District"
"Director of Business Services","Healdsburg Unified School District"
"Director of Instructional Services","Healdsburg Unified School District"
"Director, My Body is Healthy Program","Healdsburg Unified School District"
"Guidance Counselor, Elementary","Healdsburg Unified School District"
"Guidance Counselor, Secondary","Healdsburg Unified School District"
"Health Assistant","Healdsburg Unified School District"
"Healthy Start Health Assistant","Healdsburg Unified School District"
"Healthy Start Recreation Coordinator","Healdsburg Unified School District"
"Healthy Start Site Coordinator","Healdsburg Unified School District"
Nurse,"Healdsburg Unified School District"
"Office Assistant","Healdsburg Unified School District"
"Principal - Elementary, K-6","Healdsburg Unified School District"
"Principal - Secondary, 7-12","Healdsburg Unified School District"
Psychologist,"Healdsburg Unified School District"
"Resource Specialists","Healdsburg Unified School District"
"School Secretary","Healdsburg Unified School District"
"Site Supervisor (State Preschool Program)","Healdsburg Unified School District"
"Teacher - Elementary","Healdsburg Unified School District"
"Teacher - Secondary","Healdsburg Unified School District"
"Teacher - Severely Handicapped Full Inclusion","Healdsburg Unified School District"
"Teacher - Severely Handicapped Transition","Healdsburg Unified School District"
"WorkAbility Specialist","Healdsburg Unified School District"
"Bilingual Youth Worker","Horicon Elementary School District"
"Business Manager","Horicon Elementary School District"
"Resource Specialist Program Teacher","Horicon Elementary School District"
"School Counselor","Horicon Elementary School District"
"School Nurse","Horicon Elementary School District"
"School Psychologist","Horicon Elementary School District"
"School Secretary","Horicon Elementary School District"
"Speech Therapist","Horicon Elementary School District"
Superintendent/Principal,"Horicon Elementary School District"
"Adapted Physical Education Teacher","Humboldt County Office of Education"
"Assistant Superintendent for Student Programs and Services","Humboldt County Office of Education"
"Associate Principal","Humboldt County Office of Education"
"Behavior Specialist","Humboldt County Office of Education"
"Behavior/Counselor Specialist","Humboldt County Office of Education"
"Coordinator of Instructional Support Services ","Humboldt County Office of Education"
"Court/Community School Teacher","Humboldt County Office of Education"
"Curriculum Resource Specialist","Humboldt County Office of Education"
"Department Secretary â€“ Special Services","Humboldt County Office of Education"
"Director of Special Education Programs and Services","Humboldt County Office of Education"
"Director of Student Programs and Services","Humboldt County Office of Education"
"Drug and Alcohol Specialist","Humboldt County Office of Education"
"Fiscal Accountability Supervisor","Humboldt County Office of Education"
"Foster Youth Services Technician Court & Community Schools","Humboldt County Office of Education"
"Gang Risk Intervention Program (GRIP) Coordinator","Humboldt County Office of Education"
"Health Coordinator","Humboldt County Office of Education"
"Hearing Impaired Services Teacher","Humboldt County Office of Education"
"Infant/Pre-School Services Teacher","Humboldt County Office of Education"
"Instructional Aide/Infant Preschool","Humboldt County Office of Education"
"Intermediate Office Clerk","Humboldt County Office of Education"
"Licensed Vocational Nurse/Instructional Assistant","Humboldt County Office of Education"
"Medical Clerk","Humboldt County Office of Education"
"Occupational Therapist","Humboldt County Office of Education"
"Pre-Kindergarten Special Education Program Manager","Humboldt County Office of Education"
"Principal Account Technician","Humboldt County Office of Education"
"Principal for Special Day Classes","Humboldt County Office of Education"
"Principal, Glen Paul Center","Humboldt County Office of Education"
"Principal/Coordinator, Alternative Education","Humboldt County Office of Education"
"Principal/Coordinator, Special Education Programs and Services ","Humboldt County Office of Education"
"Resource Specialist Teacher","Humboldt County Office of Education"
"School Nurse","Humboldt County Office of Education"
"School Psychologist","Humboldt County Office of Education"
"School Secretary/Glen Paul Center","Humboldt County Office of Education"
"SELPA Director","Humboldt County Office of Education"
"Site Supervisor, Glen Paul Center","Humboldt County Office of Education"
"SKIP Enrollment Specialist","Humboldt County Office of Education"
"Special Education Teacher","Humboldt County Office of Education"
"Special Education Teacher - Severe/Multiple Handicapped Classroom and Special Day Class Instruction","Humboldt County Office of Education"
"Special Project Teacher","Humboldt County Office of Education"
"Speech/Language Therapist","Humboldt County Office of Education"
"Speech-Language Pathologist","Humboldt County Office of Education"
Superintendent,"Humboldt County Office of Education"
"Tapestry Grant Coordinator/At-Risk Specialist","Humboldt County Office of Education"
"Transportation Supervisor","Humboldt County Office of Education"
"Visually Handicapped Services Teacher","Humboldt County Office of Education"
"Counselor - Middle School","Kelseyville Unified School District"
"Director of Student Support Services","Kelseyville Unified School District"
"Health Aide/Clerk","Kelseyville Unified School District"
"Language and Speech Pathologist","Kelseyville Unified School District"
Nurse,"Kelseyville Unified School District"
"Occupational Therapist","Kelseyville Unified School District"
"Parent/Community Coordinator","Kelseyville Unified School District"
Principal,"Kelseyville Unified School District"
Psychologist,"Kelseyville Unified School District"
"School Counselor","Kelseyville Unified School District"
"Special Day Class Teacher - Learning Handicapped","Kelseyville Unified School District"
"Special Day Class Teacher - Severely Handicapped - Primary Level","Kelseyville Unified School District"
"Special Day Class Teacher - Severely Handicapped - Secondary Level","Kelseyville Unified School District"
"After School Program Director","Kid Street Learning Center"
"Business Manager/MAA Coordinator","Kid Street Learning Center"
"Executive Director","Kid Street Learning Center"
"Office Manager","Kid Street Learning Center"
Teacher,"Kid Street Learning Center"
"Assistant High School Principal","Klamath-Trinity Joint Unified School District"
"Coordinator, Special Education","Klamath-Trinity Joint Unified School District"
"District Health Services/Mandate Compliance Coordinator","Klamath-Trinity Joint Unified School District"
"Elementary Coordinator of Student & Parent Activities","Klamath-Trinity Joint Unified School District"
"Family Services Advocate","Klamath-Trinity Joint Unified School District"
"Health Technician/Clerk","Klamath-Trinity Joint Unified School District"
"Healthy Start Coordinator","Klamath-Trinity Joint Unified School District"
"Indian Education and Native Language Director","Klamath-Trinity Joint Unified School District"
"Instructional Assistant - Special Needs","Klamath-Trinity Joint Unified School District"
Nurse,"Klamath-Trinity Joint Unified School District"
"Outreach Consultant I","Klamath-Trinity Joint Unified School District"
"Outreach Consultant II","Klamath-Trinity Joint Unified School District"
Principal,"Klamath-Trinity Joint Unified School District"
"Program Coordinator/Site Supervisor","Klamath-Trinity Joint Unified School District"
Psychologist,"Klamath-Trinity Joint Unified School District"
"Resource Specialist Program Teacher","Klamath-Trinity Joint Unified School District"
"School Counselor","Klamath-Trinity Joint Unified School District"
"School Psychologist","Klamath-Trinity Joint Unified School District"
"SDC Teacher","Klamath-Trinity Joint Unified School District"
"Secondary Classroom Teacher - Special Education (EMR)","Klamath-Trinity Joint Unified School District"
"Special Education Coordinator","Klamath-Trinity Joint Unified School District"
"Special Education Director","Klamath-Trinity Joint Unified School District"
"Speech Therapist","Klamath-Trinity Joint Unified School District"
Superintendent,"Klamath-Trinity Joint Unified School District"
"Assistant Principal","Konocti Unified School District"
"Assistant Superintendent","Konocti Unified School District"
"Continuation High School Secretary","Konocti Unified School District"
"Director of Educational Support Services","Konocti Unified School District"
"Director of Special Education","Konocti Unified School District"
"District Nurse","Konocti Unified School District"
"Education Planning Specialist","Konocti Unified School District"
"Health Technician/Clerk","Konocti Unified School District"
"High School Counselor","Konocti Unified School District"
"High School Principal ","Konocti Unified School District"
"Intermediate School Counselor","Konocti Unified School District"
"Licensed Vocational Nurse","Konocti Unified School District"
"Medi-Cal Coordinator/Administrative Assistant ","Konocti Unified School District"
"Occupational Therapist","Konocti Unified School District"
"Principal - K-6 and/or 7/8","Konocti Unified School District"
"School Nurse","Konocti Unified School District"
"School Psychologist","Konocti Unified School District"
"Special Education Administrative Assistant","Konocti Unified School District"
"Speech Therapist","Konocti Unified School District"
Teacher,"Konocti Unified School District"
"Teaching Principal","Konocti Unified School District"
"After School (Latchkey) Program Director","Lake County Office of Education"
"Assistant Superintendent/Educational Support Services","Lake County Office of Education"
"Assistant to Family Services Coordinator","Lake County Office of Education"
"At-Risk Youth Services Coordinator","Lake County Office of Education"
"Community School Lead Teacher","Lake County Office of Education"
"Director of Community Schools","Lake County Office of Education"
"Early Home Based Literacy","Lake County Office of Education"
"Employment/Transition Specialist","Lake County Office of Education"
"Executive Director","Lake County Office of Education"
"Family Resource Center Parent Educator/Group Coordinator","Lake County Office of Education"
"Family Resource Centers Program Director","Lake County Office of Education"
"Family Services Coordinator","Lake County Office of Education"
"Family Support Specialist","Lake County Office of Education"
"Foster Youth Services Coordinator","Lake County Office of Education"
"Health Technician III","Lake County Office of Education"
"Healthy Start AmeriCorps Member","Lake County Office of Education"
"Healthy Start Case Manager Assistant ","Lake County Office of Education"
"Healthy Start Family Advocate","Lake County Office of Education"
"Healthy Start Family Svcs./Student Services Coordinator","Lake County Office of Education"
"Healthy Start Health Technician ","Lake County Office of Education"
"Healthy Start Health Technician II","Lake County Office of Education"
"Healthy Start Planning Coordinator","Lake County Office of Education"
"Healthy Start Project Director","Lake County Office of Education"
"Healthy Start Site Supervisor","Lake County Office of Education"
"Lake County SELPA Director ","Lake County Office of Education"
"Lake Court and Community School Lead Teacher","Lake County Office of Education"
"Mental Health Clinician (1, 2, 3, 4)","Lake County Office of Education"
"Preschool Director/Child Care Food Program Director","Lake County Office of Education"
"Preschool/Early Literacy AmeriCorps Member","Lake County Office of Education"
"School Based Services/Medi-Cal Program Director","Lake County Office of Education"
"Secretary I, Healthy Start Program","Lake County Office of Education"
"Site Supervisor/Teacher After School Program","Lake County Office of Education"
"Site Supervisor/Teacher State Preschool","Lake County Office of Education"
"Substance Abuse Counselor","Lake County Office of Education"
"Transition Specialist","Lake County Office of Education"
"Assistant Principal","Lakeport Unified School District"
"Behavior Specialist","Lakeport Unified School District"
"Classroom Teacher","Lakeport Unified School District"
"Director of Fiscal Services","Lakeport Unified School District"
"Director of Special Programs","Lakeport Unified School District"
"Director-Instructional Support Services","Lakeport Unified School District"
"District Counselor/Behaviorist","Lakeport Unified School District"
"District Health Technician","Lakeport Unified School District"
"District Nurse","Lakeport Unified School District"
"District Psychologist","Lakeport Unified School District"
"District Psychologist (Intern)","Lakeport Unified School District"
"Elementary Principal","Lakeport Unified School District"
"Elementary School Health Technician/Clerk","Lakeport Unified School District"
"High School Bookkeeper/Attendance Clerk","Lakeport Unified School District"
"High School Secretary","Lakeport Unified School District"
"High School Vice Principal","Lakeport Unified School District"
"Lead Teacher K-8","Lakeport Unified School District"
"Middle School/High School Supplemental Counselor","Lakeport Unified School District"
"Middle School Principal","Lakeport Unified School District"
"Middle School Vice Principal","Lakeport Unified School District"
"Occupational Therapist","Lakeport Unified School District"
"Principal, Alternative Education Programs","Lakeport Unified School District"
"School Psychologist","Lakeport Unified School District"
"School Psychologist Intern","Lakeport Unified School District"
"Special Education Director","Lakeport Unified School District"
"Special Education Secretary","Lakeport Unified School District"
"Speech/Language Pathologist","Lakeport Unified School District"
"Student Services Clerk","Lakeport Unified School District"
"District Secretary","Loleta Union Elementary School District"
Principal,"Loleta Union Elementary School District"
"Principal for Special Education","Loleta Union Elementary School District"
"School Secretary","Loleta Union Elementary School District"
"Special Education Teacher, Resource Specialist","Loleta Union Elementary School District"
"Special Education Teacher/Special Day Class Instruction","Loleta Union Elementary School District"
"Speech/Language Therapist","Loleta Union Elementary School District"
Superintendent,"Loleta Union Elementary School District"
"Assistant Principal","Lucerne Elementary School District"
"Health Clerk","Lucerne Elementary School District"
"Language and Speech Pathologist","Lucerne Elementary School District"
"Literary Coach","Lucerne Elementary School District"
Nurse,"Lucerne Elementary School District"
"Occupation Therapist","Lucerne Elementary School District"
Psychologist,"Lucerne Elementary School District"
"Pupil Services Secretary/Attendance Clerk","Lucerne Elementary School District"
"Resource Specialist Program Teacher","Lucerne Elementary School District"
"SB 65 M&M Outreach Consultant","Lucerne Elementary School District"
Superintendent/Principal,"Lucerne Elementary School District"
"Director of Instruction and Special Services","Mark West Union School District"
"Elementary School Principal","Mark West Union School District"
"Resource Specialist","Mark West Union School District"
"School Counselor","Mark West Union School District"
"School Psychologist","Mark West Union School District"
"SDC/LH Teacher","Mark West Union School District"
"Speech and Language Specialist","Mark West Union School District"
"Clerk III/Assistant MAA Coordinator","Mattole Unified School District"
"Director of Special Education","Mattole Unified School District"
"Physical Education Field Specialist","Mattole Unified School District"
"Regional Center Director","Mattole Unified School District"
"Regional Director","Mattole Unified School District"
"Regional Director","Mattole Unified School District"
"Resource Center Director","Mattole Unified School District"
"Resource Specialist Teacher","Mattole Unified School District"
"School Counselor","Mattole Unified School District"
"School Psychologist","Mattole Unified School District"
"Site Supervisor","Mattole Unified School District"
"Speech Language Therapist","Mattole Unified School District"
"Teacher (Education Specialist)","Mattole Unified School District"
"Attendance Clerk","Middletown Unified School District"
"Bilingual Translator/Clerk","Middletown Unified School District"
"Director of Educational Services","Middletown Unified School District"
"Director of Special Education","Middletown Unified School District"
"Elementary School Secretary/MAA Coordinator","Middletown Unified School District"
"Health Technician/Aide","Middletown Unified School District"
"High School Assistant Principal (9-12)","Middletown Unified School District"
"High School Principal, 9-12","Middletown Unified School District"
"Language and Speech Pathologist","Middletown Unified School District"
Principal,"Middletown Unified School District"
"Resource Specialist Teacher","Middletown Unified School District"
"School Nurse","Middletown Unified School District"
"School Psychologist","Middletown Unified School District"
"Special Day Class Teacher","Middletown Unified School District"
Superintendent,"Middletown Unified School District"
"Vice Principal","Middletown Unified School District"
"Academic Counselor","Northern Humboldt Union High School District"
Administration,"Northern Humboldt Union High School District"
"Assistant Principal","Northern Humboldt Union High School District"
"Assistant Superintendent for Business","Northern Humboldt Union High School District"
"Community Coordinator","Northern Humboldt Union High School District"
"Counselor  ","Northern Humboldt Union High School District"
"Credentialed School Nurse","Northern Humboldt Union High School District"
"Dean of Students","Northern Humboldt Union High School District"
"Grantwriter  ","Northern Humboldt Union High School District"
"MAA Coordinator","Northern Humboldt Union High School District"
"Principal  ","Northern Humboldt Union High School District"
"Resource Specialist Teacher","Northern Humboldt Union High School District"
"School Nurse","Northern Humboldt Union High School District"
"School Psychologist","Northern Humboldt Union High School District"
"School Psychologist Intern","Northern Humboldt Union High School District"
"Special Ed/SDC Teacher","Northern Humboldt Union High School District"
"Speech Therapist","Northern Humboldt Union High School District"
Superintendent,"Northern Humboldt Union High School District"
Teacher,"Northern Humboldt Union High School District"
"Title One Teacher","Northern Humboldt Union High School District"
"Transportation Supervisor","Northern Humboldt Union High School District"
"Principal ","Oak Grove Union School District"
"Resource Specialist Teacher","Oak Grove Union School District"
"Superintendent of Schools","Oak Grove Union School District"
"Coordinator of Child Development","Old Adobe School District"
"Director of Student Services","Old Adobe School District"
"Elementary School Principal","Old Adobe School District"
"Resource Specialist/Program Specialist","Old Adobe School District"
"School Nurse","Old Adobe School District"
"School Psychologist","Old Adobe School District"
"Special Education/Special Day Class Teacher","Old Adobe School District"
"Community Resource Center Coordinator","Orick School District"
"Elder Liaison","Orick School District"
"Healthy Start Coordinator","Orick School District"
Principal,"Orick School District"
"School Counselor","Orick School District"
"School/Community Liaison","Orick School District"
Teacher/Principal,"Orick School District"
"Associate Principal","Pacific Union School District"
"Resource Specialist Teacher","Pacific Union School District"
"School Psychologist","Pacific Union School District"
"School Psychologist Intern","Pacific Union School District"
"Speech-Language Pathologist","Pacific Union School District"
Superintendent/Principal,"Pacific Union School District"
"Director ","Petaluma City Schools"
"Elementary School Counselor","Petaluma City Schools"
"Health Assistant","Petaluma City Schools"
"Program Specialist","Petaluma City Schools"
"School Nurse","Petaluma City Schools"
"School Psychologist","Petaluma City Schools"
"School Social Worker","Petaluma City Schools"
"Business Manager","Piner-Olivet Elementary School District"
"Coordinator of Special Ed/Projects","Piner-Olivet Elementary School District"
"Director of Special Education","Piner-Olivet Elementary School District"
"Director of Student Instruction","Piner-Olivet Elementary School District"
"Elementary School Principal  / Site Administrator","Piner-Olivet Elementary School District"
"Elementary School Psychologist","Piner-Olivet Elementary School District"
"School Nurse","Piner-Olivet Elementary School District"
"Speech and Language Specialist","Piner-Olivet Elementary School District"
"Accounting Manager","Rincon High School"
"Administrative Assistant","Rincon High School"
"Bookkeeper II","Rincon High School"
"CCW Mentor - Medical Assistant","Rincon High School"
"Director of Educational Services","Rincon High School"
"EL Assistant","Rincon High School"
"Executive Director","Rincon High School"
"Full Inclusion Case Manager","Rincon High School"
"Human Resources Manager","Rincon High School"
"Mentor - AM","Rincon High School"
"Nurse Practitioner","Rincon High School"
Principal,"Rincon High School"
"Program Manager","Rincon High School"
Psychologist,"Rincon High School"
"RSP Teacher","Rincon High School"
"School Counselor/Counseling Coordinator","Rincon High School"
"Site Manager","Rincon High School"
"Special Day Class Teacher","Rincon High School"
"Speech and Language Therapist","Rincon High School"
Superintendent,"Rincon High School"
Teacher,"Rincon High School"
"Team Leader","Rincon High School"
"Accounting Manager","Rincon Valley Union School District"
"Administrative Assistant","Rincon Valley Union School District"
"Bookkeeper II","Rincon Valley Union School District"
"CCW Mentor - Medical Assistant","Rincon Valley Union School District"
"Director of Educational Services","Rincon Valley Union School District"
"EL Assistant","Rincon Valley Union School District"
"Executive Director","Rincon Valley Union School District"
"Full Inclusion Case Manager","Rincon Valley Union School District"
"Human Resources Manager","Rincon Valley Union School District"
"Mentor - AM","Rincon Valley Union School District"
"Nurse Practitioner","Rincon Valley Union School District"
Principal,"Rincon Valley Union School District"
"Program Director/Principal","Rincon Valley Union School District"
"Program Manager","Rincon Valley Union School District"
"Program Specialist","Rincon Valley Union School District"
Psychologist,"Rincon Valley Union School District"
"RSP Teacher","Rincon Valley Union School District"
"School Counselor/Counseling Coordinator","Rincon Valley Union School District"
"Site Manager","Rincon Valley Union School District"
"Special Day Class Teacher","Rincon Valley Union School District"
"Speech and Language Therapist","Rincon Valley Union School District"
Superintendent,"Rincon Valley Union School District"
Teacher,"Rincon Valley Union School District"
"Team Leader","Rio Dell School District"
"Assistant Superintendent","Rio Dell School District"
"Bilingual Instructional Aide","Rio Dell School District"
"Community Liaison","Rio Dell School District"
Counselor/Psychologist,"Rio Dell School District"
"CRC Coordinator/Healthy Start Case Manager","Rio Dell School District"
"Elementary Secretary/Receptionist","Rio Dell School District"
"Healthy Start Coordinator","Rio Dell School District"
"Instructional Aide","Rio Dell School District"
Principal,"Rio Dell School District"
"Resource Specialist Teacher","Rio Dell School District"
"School Counselor","Rio Dell School District"
"School Secretary/Aide","Rio Dell School District"
"Special Education/Special Day Class Teacher","Rio Dell School District"
"Speech/Language Therapist","Rio Dell School District"
Superintendent,"Rio Dell School District"
Counselor,"Rohnerville Elementary School District"
"Health Outreach Worker","Rohnerville Elementary School District"
"Instructional Aide - ESL","Rohnerville Elementary School District"
"MAA Co-Coordinator","Rohnerville Elementary School District"
"Principal's Secretary","Rohnerville Elementary School District"
"School Secretary II","Rohnerville Elementary School District"
"Special Education Teacher","Rohnerville Elementary School District"
"Speech/Language Therapist","Rohnerville Elementary School District"
Superintendent/Principal,"Rohnerville Elementary School District"
"Assistant Principal/Program Coordinator","Roseland Elementary School District"
"Bilingual Family Advocate Coordinator","Roseland Elementary School District"
"Family Advocate","Roseland Elementary School District"
"Family Advocate Supervisor","Roseland Elementary School District"
Nurse,"Roseland Elementary School District"
"Preschool Secretary","Roseland Elementary School District"
Principal,"Roseland Elementary School District"
"Program Manager","Roseland Elementary School District"
"Resource Specialist Program Teacher/MAA Coordinator","Roseland Elementary School District"
"School Counselor","Roseland Elementary School District"
"School Psychologist","Roseland Elementary School District"
"Special Day Class Teacher","Roseland Elementary School District"
"Special Ed Program Coord/School Psychologist","Roseland Elementary School District"
"Special Education Program Coordinator","Roseland Elementary School District"
"Speech/Language Therapist","Roseland Elementary School District"
Superintendent,"Roseland Elementary School District"
"Director - Fiscal Services","Santa Rosa City Schools"
"Director - Special Services","Santa Rosa City Schools"
"District School Nurse","Santa Rosa City Schools"
"Family Mentor","Santa Rosa City Schools"
"Healthy Start Coordinator","Santa Rosa City Schools"
"Occupational Therapist","Santa Rosa City Schools"
"Program Manager - Special Education","Santa Rosa City Schools"
"Project Manager (Healthy Start Coordinator)","Santa Rosa City Schools"
"School Counselor","Santa Rosa City Schools"
"School Psychologist","Santa Rosa City Schools"
"Senior Secretary","Santa Rosa City Schools"
"Special Education Teacher, DHH","Santa Rosa City Schools"
"Speech, Language and Hearing Therapist","Santa Rosa City Schools"
"Activities Advisor","Santa Rosa Junior College"
"Administrative Assistant I","Santa Rosa Junior College"
"College Nurse Practitioner","Santa Rosa Junior College"
"College Physician","Santa Rosa Junior College"
"Coordinator, MESA/CCCP Program","Santa Rosa Junior College"
"Counselor/Student Services Coordinator","Santa Rosa Junior College"
"Director, Student Health Services","Santa Rosa Junior College"
"Faculty, Public Saftey - EMC","Santa Rosa Junior College"
"Financial Aid Technician II","Santa Rosa Junior College"
"Intern Position ","Santa Rosa Junior College"
"Marriage & Family Therapist","Santa Rosa Junior College"
"Medical Assistant","Santa Rosa Junior College"
"Nurse Practitioner","Santa Rosa Junior College"
"Physician (Contractor)","Santa Rosa Junior College"
Psychologist,"Santa Rosa Junior College"
"Student Psychologist Services Intern","Santa Rosa Junior College"
"Student Support Coordinator","Santa Rosa Junior College"
"Vice President of Student Services","Santa Rosa Junior College"
"Alternative Education Programs Technician","Sonoma COE Community Schools"
"Alternative Education/ROP Technician","Sonoma COE Community Schools"
"Assistant Principal Alternative Education","Sonoma COE Community Schools"
"Clean and Sober Counselor","Sonoma COE Community Schools"
"Department Accounting Coordinator","Sonoma COE Community Schools"
"Director, Alternative Education","Sonoma COE Community Schools"
"Director, Youth Development, Support & Leadership","Sonoma COE Community Schools"
"Education Specialist, Curriculum and/or Technology","Sonoma COE Community Schools"
"Principal, Alternative Education","Sonoma COE Community Schools"
"RSP Teacher","Sonoma COE Community Schools"
"School Nurse","Sonoma COE Community Schools"
"School Psychologist","Sonoma COE Community Schools"
"Speech & Language Specialist","Sonoma COE Community Schools"
"Teacher, Court and Community School","Sonoma COE Community Schools"
"Teaching Assistant, Court and Community School","Sonoma COE Community Schools"
"Account Clerk IV","Sonoma COE Special Education"
"Administrator, Nonpublic Schools (NPS)","Sonoma COE Special Education"
"Administrator, Special Education","Sonoma COE Special Education"
"Assistant Superintendent, Instruction","Sonoma COE Special Education"
Audiologist,"Sonoma COE Special Education"
"Behavior Specialist","Sonoma COE Special Education"
"Director, Special Education Instructional Programs","Sonoma COE Special Education"
"Grant Clerk/Clerk Typist IV","Sonoma COE Special Education"
Interpreter/Translator,"Sonoma COE Special Education"
"Manager, Nonpublic Schools","Sonoma COE Special Education"
"Principal, Special Education","Sonoma COE Special Education"
"School Nurse","Sonoma COE Special Education"
"School Psychologist","Sonoma COE Special Education"
"Special Education Accounting Coordinator","Sonoma COE Special Education"
"Special Education Technician III (NPS)","Sonoma COE Special Education"
"Speech and Language Specialist","Sonoma COE Special Education"
Counselor,"Scotia Union School District"
"Resource Aide","Scotia Union School District"
"Resource Teacher","Scotia Union School District"
"Speech Therapist","Scotia Union School District"
Superintendent/Principal,"Scotia Union School District"
"Administrative Assistant","Southern Humboldt Joint Union School District"
"Advocate/Parent Liaison - Special Education","Southern Humboldt Joint Union School District"
"After School Paraprofessional II","Southern Humboldt Joint Union School District"
"Career Resource Technician","Southern Humboldt Joint Union School District"
"Coordinator of Special Education/Site Supervisor","Southern Humboldt Joint Union School District"
Counselor,"Southern Humboldt Joint Union School District"
Dean,"Southern Humboldt Joint Union School District"
"Director of Curriculum/Instruction","Southern Humboldt Joint Union School District"
"Family Resource Coordinator","Southern Humboldt Joint Union School District"
"Family Support Worker","Southern Humboldt Joint Union School District"
"Principal, Alternative Education Programs","Southern Humboldt Joint Union School District"
"Principal, Elementary/Intermediate School","Southern Humboldt Joint Union School District"
"Principal, Secondary School","Southern Humboldt Joint Union School District"
"Resource and DIS Small Group Teacher","Southern Humboldt Joint Union School District"
"School Nurse","Southern Humboldt Joint Union School District"
"Special Day Class Teacher","Southern Humboldt Joint Union School District"
"Speech Therapist","Southern Humboldt Joint Union School District"
"Student Services Technician","Southern Humboldt Joint Union School District"
Superintendent,"Southern Humboldt Joint Union School District"
"Transportation Supervisor","Southern Humboldt Joint Union School District"
"Vice Principal","Southern Humboldt Joint Union School District"
"Administrative Secretary","Sonoma Valley Unified School District"
"Behavior Intervention Specialist","Sonoma Valley Unified School District"
"Director of Student Services","Sonoma Valley Unified School District"
Psychologist,"Sonoma Valley Unified School District"
"School District Nurse","Sonoma Valley Unified School District"
"Senior Nurse","Sonoma Valley Unified School District"
"Speech-Language Pathologist","Sonoma Valley Unified School District"
"After School Program Site Leader","South Bay Union Elementary School District"
"Community Liaison","South Bay Union Elementary School District"
Counselor/Psychologist,"South Bay Union Elementary School District"
"Credentialed School Social Worker","South Bay Union Elementary School District"
"District Principal","South Bay Union Elementary School District"
"District School Counselor","South Bay Union Elementary School District"
"District Superintendent / Principal","South Bay Union Elementary School District"
"Healthy Start Assistant/Health Aide","South Bay Union Elementary School District"
"Healthy Start Case Manager","South Bay Union Elementary School District"
"Healthy Start Coordinator","South Bay Union Elementary School District"
"Resource Specialist Teacher","South Bay Union Elementary School District"
Secretary,"South Bay Union Elementary School District"
"Special Education Teacher","South Bay Union Elementary School District"
"Speech Language Pathologist","South Bay Union Elementary School District"
Superintendent/Principal,"South Bay Union Elementary School District"
"EL Instructional Assistant","Twin Hills Union Elementary School District"
Principal,"Twin Hills Union Elementary School District"
"Program Specialist Special Education","Twin Hills Union Elementary School District"
"Resource Specialist Program ","Twin Hills Union Elementary School District"
"School Office Manager","Twin Hills Union Elementary School District"
Superintendent,"Twin Hills Union Elementary School District"
Teacher/Translator,"Twin Hills Union Elementary School District"
"Bilingual Secretary/Office Clerk","Two Rock Union Elementary School District"
"Business Manager/MAA Coordinator","Two Rock Union Elementary School District"
"Classroom Teacher","Two Rock Union Elementary School District"
Counselor,"Two Rock Union Elementary School District"
"English Language Development Teacher","Two Rock Union Elementary School District"
"Resource Specialist Teacher","Two Rock Union Elementary School District"
"School Nurse","Two Rock Union Elementary School District"
"Speech and Language Specialist","Two Rock Union Elementary School District"
"Speech Pathologist","Two Rock Union Elementary School District"
Superintendent/Principal,"Two Rock Union Elementary School District"
"District Superintendent","Upper Lake Union Elementary School District"
"Elementary School Principal (K-6)","Upper Lake Union Elementary School District"
"Health Aide","Upper Lake Union Elementary School District"
"Health Clerk","Upper Lake Union Elementary School District"
"Healthy Start Family Services Coordinator","Upper Lake Union Elementary School District"
"Language & Speech Pathologist","Upper Lake Union Elementary School District"
"Middle School Principal (6-8)","Upper Lake Union Elementary School District"
Nurse,"Upper Lake Union Elementary School District"
"Office Assistant","Upper Lake Union Elementary School District"
Psychologist,"Upper Lake Union Elementary School District"
"Student Services Clerk","Upper Lake Union Elementary School District"
Superintendent/Principal,"Upper Lake Union Elementary School District"
"Support Services Secretary","Upper Lake Union Elementary School District"
"Assistant Principal ","Upper Lake Union High School District"
"Campus / Clerical Assistant","Upper Lake Union High School District"
"Counseling Secretary ","Upper Lake Union High School District"
Counselor,"Upper Lake Union High School District"
"Counselor/Special Education Director","Upper Lake Union High School District"
"Healthy Start Family Services Coordinator","Upper Lake Union High School District"
"Instructional Aide Special Education/Special Education Secretary - MAA Coordinator","Upper Lake Union High School District"
"Instructional Aide/Clerk - Special Education","Upper Lake Union High School District"
"Lead Teacher","Upper Lake Union High School District"
Nurse,"Upper Lake Union High School District"
"Outreach Consultant","Upper Lake Union High School District"
Psychologist,"Upper Lake Union High School District"
"Resource Specialist","Upper Lake Union High School District"
"School Secretary","Upper Lake Union High School District"
"Special Day Teacher","Upper Lake Union High School District"
Superintendent/Principal,"Upper Lake Union High School District"
Teacher,"Upper Lake Union High School District"
"Behavior Specialist - Supportive Behavior Intervention Program","West Sonoma County Special Education Consortium"
"Budget Manager","West Sonoma County Special Education Consortium"
"Case Manager","West Sonoma County Special Education Consortium"
Co-Principal,"West Sonoma County Special Education Consortium"
"Director of Transportation  ","West Sonoma County Special Education Consortium"
"Director, Special Education Consortium","West Sonoma County Special Education Consortium"
"District Superintendent","West Sonoma County Special Education Consortium"
"Family Partner/Parent Consultant","West Sonoma County Special Education Consortium"
"Full Inclusion Case Manager","West Sonoma County Special Education Consortium"
"Parent Liaison - Special Education ","West Sonoma County Special Education Consortium"
Principal,"West Sonoma County Special Education Consortium"
"Program Specialist","West Sonoma County Special Education Consortium"
"School Nurse","West Sonoma County Special Education Consortium"
"School Psychologist","West Sonoma County Special Education Consortium"
"Secretary I - Special Education","West Sonoma County Special Education Consortium"
"Special Education Data Technician","West Sonoma County Special Education Consortium"
Teacher,"West Sonoma County Special Education Consortium"
"Vice Principal","West Sonoma County Special Education Consortium"
"West County Special Education Consortium Director","West Sonoma County Special Education Consortium"
"Behavior Specialist - Supportive Behavior Intervention Program","West Sonoma County Union High School District "
"Budget Manager","West Sonoma County Union High School District "
"Case Manager","West Sonoma County Union High School District "
Co-Principal,"West Sonoma County Union High School District "
Counselor,"West Sonoma County Union High School District "
"Director of Transportation  ","West Sonoma County Union High School District "
"Director, Special Education Consortium","West Sonoma County Union High School District "
"District Superintendent","West Sonoma County Union High School District "
"Family Partner/Parent Consultant","West Sonoma County Union High School District "
"Full Inclusion Case Manager","West Sonoma County Union High School District "
"Health Technician","West Sonoma County Union High School District "
"Parent Liaison - Special Education ","West Sonoma County Union High School District "
Principal,"West Sonoma County Union High School District "
"Program Specialist","West Sonoma County Union High School District "
"School Nurse","West Sonoma County Union High School District "
"School Psychologist","West Sonoma County Union High School District "
"Secretary I - Special Education","West Sonoma County Union High School District "
"Special Education Data Technician","West Sonoma County Union High School District "
Teacher,"West Sonoma County Union High School District "
"Vice Principal","West Sonoma County Union High School District "
"West County Special Education Consortium Director","West Sonoma County Union High School District "
"Administrative Assistant","Windsor Unified School District"
"Alternative Education/Adult Education Principal","Windsor Unified School District"
"Assistant Principal","Windsor Unified School District"
"Case Manager","Windsor Unified School District"
"Child Care Program Coordinator","Windsor Unified School District"
"Classroom Teacher","Windsor Unified School District"
"Clerk Typist II","Windsor Unified School District"
"Director of Business Services","Windsor Unified School District"
"Director of Human Resources/Asst. Superintendent","Windsor Unified School District"
"Director of Student Support Services","Windsor Unified School District"
"Educational Support Services Director","Windsor Unified School District"
"Elementary School Counselor","Windsor Unified School District"
"Health Assistant","Windsor Unified School District"
"High School Assistant Principal","Windsor Unified School District"
"High School Counselor","Windsor Unified School District"
"Lead Childcare Provider","Windsor Unified School District"
"Middle School Counselor","Windsor Unified School District"
Nurse,"Windsor Unified School District"
"Parent Partner","Windsor Unified School District"
Psychologist,"Windsor Unified School District"
"School Account Clerk","Windsor Unified School District"
"School Nurse","Windsor Unified School District"
"School Principal  ","Windsor Unified School District"
"School Principal, Cali Calmecac Charter School","Windsor Unified School District"
"Secretary I","Windsor Unified School District"
"Secretary II","Windsor Unified School District"
"Secretary III","Windsor Unified School District"
"Special Education Coordinator/Program Specialist","Windsor Unified School District"
"Special Education Teacher/Self Contained Learning Handicapped Special Class","Windsor Unified School District"
"Student Advisor ","Windsor Unified School District"
"Student Welfare and Attendance Supervisor","Windsor Unified School District"
"Superintendent ","Windsor Unified School District"
"Teacher, Classroom","Windsor Unified School District"
"Teacher, Full Inclusion","Windsor Unified School District"
"Transportation Coordinator","Windsor Unified School District"
"Director of Student Services","Wright School District"
"District Special Education Coordinator and School Psychologist","Wright School District"
Nurse,"Wright School District"
Principal,"Wright School District"
"Resource Specalist Teacher","Wright School District"
"School (Elementary) Counselor","Wright School District"
"School Psychologist","Wright School District"
"School Psychologist Intern","Wright School District"
"Special Day Class Teacher - Learning Handicapped Students","Wright School District"
"Special Education Coordinator","Wright School District"
"Special Education Resource Specialist Teacher","Wright School District"
"Speech and Language Specialist","Wright School District"
"Superintendent of Schools","Wright School District"
