"Administrative Secretary","MCOE Anderson Valley"
"Bilingual Resource Specialist","MCOE Anderson Valley"
"Bilingual Special Education Aide","MCOE Anderson Valley"
"Bilingual/Special Project Coordinator ","MCOE Anderson Valley"
"Career Center Specialist","MCOE Anderson Valley"
"District Administrative Assistant","MCOE Anderson Valley"
"Kindergarten Teacher/Special Ed. Coordinator ","MCOE Anderson Valley"
"Preschool Associate Teacher","MCOE Anderson Valley"
"Preschool Specialist","MCOE Anderson Valley"
"Resource Teacher","MCOE Anderson Valley"
"School Counselor/Counselor LCSW","MCOE Anderson Valley"
"School Nurse","MCOE Anderson Valley"
"School Nurse (Sub. AVHC) ","MCOE Anderson Valley"
"School Principal","MCOE Anderson Valley"
"School Psychologist","MCOE Anderson Valley"
"Special Day Class Teacher","MCOE Anderson Valley"
"Speech Therapist","MCOE Anderson Valley"
"Superintendent ","MCOE Anderson Valley"
"Teacher/Grant Programs Coordinator","MCOE Anderson Valley"
"Administrative Secretary","MCOE Arena Union Elementary and High"
"Bilingual Community/School Liaison","MCOE Arena Union Elementary and High"
"Business Manager","MCOE Arena Union Elementary and High"
"Dean of Students","MCOE Arena Union Elementary and High"
"District Secretary","MCOE Arena Union Elementary and High"
"Health Clerk","MCOE Arena Union Elementary and High"
"Healthy Start Coordinator","MCOE Arena Union Elementary and High"
"Native American Community/School Liaison","MCOE Arena Union Elementary and High"
"Paraeducator / Outreach Worker ","MCOE Arena Union Elementary and High"
"Preschool Director","MCOE Arena Union Elementary and High"
"Preschool Teacher/Director","MCOE Arena Union Elementary and High"
Principal,"MCOE Arena Union Elementary and High"
"Resource Assistant - Special Education","MCOE Arena Union Elementary and High"
"Resource Specialist","MCOE Arena Union Elementary and High"
"School Counselor","MCOE Arena Union Elementary and High"
"School Counselor (Subcontract)","MCOE Arena Union Elementary and High"
"School Nurse","MCOE Arena Union Elementary and High"
"School Nurse (Sub.-RCMS)","MCOE Arena Union Elementary and High"
"School Psychologist","MCOE Arena Union Elementary and High"
"School Psychologist (Sub.-MCOE)","MCOE Arena Union Elementary and High"
Secretary,"MCOE Arena Union Elementary and High"
"Senior Youth Worker ","MCOE Arena Union Elementary and High"
"Senior Youth Worker (South Coast)","MCOE Arena Union Elementary and High"
"Special Education Teacher","MCOE Arena Union Elementary and High"
"Speech Therapist","MCOE Arena Union Elementary and High"
"Superintendent  ","MCOE Arena Union Elementary and High"
"Superintendent of Schools","MCOE Arena Union Elementary and High"
"Superintendent Secretary","MCOE Arena Union Elementary and High"
"Teacher of the Severely Handicapped","MCOE Arena Union Elementary and High"
"Teacher, ELD Coordinator","MCOE Arena Union Elementary and High"
"Transportation Director","MCOE Arena Union Elementary and High"
"Vice Principal/Teacher","MCOE Arena Union Elementary and High"
"Youth Project Worker","MCOE Arena Union Elementary and High"
"Administrative Secretary","MCOE Child Development Services"
"Associate Behavior Specialist","MCOE Child Development Services"
"Cal-SAFE Teacher","MCOE Child Development Services"
"Child Care Specialist","MCOE Child Development Services"
"Coordinator - Child Development & Family Literacy","MCOE Child Development Services"
"Director I - Child Development & Family Literacy ","MCOE Child Development Services"
"Early Education Site Supervisor","MCOE Child Development Services"
"Family Literacy Liaison/Mentor","MCOE Child Development Services"
"Instructional Paraprofessional","MCOE Child Development Services"
"Manager I - State Preschool Program","MCOE Child Development Services"
"Manager II - Child Care Planning","MCOE Child Development Services"
"Manager II - Prevention Education","MCOE Child Development Services"
"Manager III - Region I Healthy Start Programs","MCOE Child Development Services"
"Program Secretary","MCOE Child Development Services"
"School Readiness Manager III ","MCOE Child Development Services"
"School-Readiness Parent Advocate","MCOE Child Development Services"
"Screening Specialist","MCOE Child Development Services"
"State Preschool Assistant Teacher","MCOE Child Development Services"
"State Preschool Teacher","MCOE Child Development Services"
"Substance Abuse Counselor","MCOE Child Development Services"
"Administrative Secretary","MCOE Court Community Schools"
"Assistant Principal - Alternative Education","MCOE Court Community Schools"
"Child Care Specialist  ","MCOE Court Community Schools"
"COMBAT Project Specialist","MCOE Court Community Schools"
"Coord. - Child Develop & Family Literacy","MCOE Court Community Schools"
"Director - Court Community Schools","MCOE Court Community Schools"
"Family Services Liaison","MCOE Court Community Schools"
"Pregnant Minor Program Instructor","MCOE Court Community Schools"
"Program Secretary","MCOE Court Community Schools"
"School Counselor","MCOE Court Community Schools"
"School Nurse","MCOE Court Community Schools"
"Student Accountability Specialist","MCOE Court Community Schools"
"Substance Abuse Counselor","MCOE Court Community Schools"
"Teacher - Court Community Schools","MCOE Court Community Schools"
"Teacher, Clean and Sober","MCOE Court Community Schools"
"Teacher, System of Care (PACE)","MCOE Court Community Schools"
"Associate Behavior Specialist","MCOE First 5 Special Needs"
"Program Secretary","MCOE First 5 Special Needs"
"Screening Specialist","MCOE First 5 Special Needs"
"Administrative Secretary","MCOE Fort Bragg"
"Account Clerk","MCOE Fort Bragg"
"Assistant Principal","MCOE Fort Bragg"
"Bilingual Bicultural Family Advocate","MCOE Fort Bragg"
"Business Manager","MCOE Fort Bragg"
"Coordinator - State Preschool","MCOE Fort Bragg"
"Coordinator, Special Education","MCOE Fort Bragg"
"Executive Director","MCOE Fort Bragg"
"Health Aide","MCOE Fort Bragg"
"Outreach Worker","MCOE Fort Bragg"
"Preschool Teacher","MCOE Fort Bragg"
Principal,"MCOE Fort Bragg"
"Program Assistant/Administrative Assistant","MCOE Fort Bragg"
Psychologist,"MCOE Fort Bragg"
"Resource Center Outreach Coordinator","MCOE Fort Bragg"
"Resource Specialist Teacher","MCOE Fort Bragg"
"School Counselor/ School Counselor MFT/LCSW","MCOE Fort Bragg"
"Secretary, Special Programs","MCOE Fort Bragg"
"Special Day Class Teacher","MCOE Fort Bragg"
"Special Education Secretary","MCOE Fort Bragg"
"Speech Therapist","MCOE Fort Bragg"
Superintendent,"MCOE Fort Bragg"
"Transportation Director","MCOE Fort Bragg"
"Healthy Start Project Administrator","MCOE Healthy Start"
"Manager II - Region 1 Healthy Start Programs","MCOE Healthy Start"
"Administrative Assistant","MCOE Laytonville"
"Assistant Principal","MCOE Laytonville"
"Business Manager","MCOE Laytonville"
"District Administrative Assistant","MCOE Laytonville"
"Health Technician","MCOE Laytonville"
"Healthy Start Coordinator","MCOE Laytonville"
"Healthy Start Liaison","MCOE Laytonville"
"Instructional Aide","MCOE Laytonville"
"Instructional Assistant","MCOE Laytonville"
"Preschool Associate Teacher","MCOE Laytonville"
"Preschool Director/Teacher","MCOE Laytonville"
"Prevention Specialist","MCOE Laytonville"
Principal,"MCOE Laytonville"
"Resource Teacher","MCOE Laytonville"
"School Counselor","MCOE Laytonville"
"School Counselor - LCSW/MFT (Sub.) ","MCOE Laytonville"
"School Psychologist","MCOE Laytonville"
"School Psychologist (sub. MCOE) ","MCOE Laytonville"
"School Secretary II","MCOE Laytonville"
Secretary/Registrar,"MCOE Laytonville"
"Special Day Teacher","MCOE Laytonville"
"Special Education Instructional Aide","MCOE Laytonville"
"Special Education Teacher","MCOE Laytonville"
"Speech Therapist","MCOE Laytonville"
"Superintendent of Schools","MCOE Laytonville"
Teacher,"MCOE Laytonville"
"Transportation Director","MCOE Laytonville"
"Vocational Technician","MCOE Laytonville"
"Youth Services Consultant","MCOE Laytonville"
"Business Manager ","MCOE Leggett"
"Health Technician","MCOE Leggett"
"Parent Aide","MCOE Leggett"
"Preschool Coordinator","MCOE Leggett"
"Resource Specialist Teacher","MCOE Leggett"
"School Counselor","MCOE Leggett"
"School Nurse","MCOE Leggett"
"School Psychologist","MCOE Leggett"
"School Psychologist (sub. MCOE) ","MCOE Leggett"
"School Secretary II","MCOE Leggett"
"Special Education Director/Resource Specialist Teacher","MCOE Leggett"
"Speech Therapist","MCOE Leggett"
Superintendent,"MCOE Leggett"
"Bilingual Instructor","MCOE Manchester"
"Bilingual Interpreter","MCOE Manchester"
"Business Manager","MCOE Manchester"
Principal,"MCOE Manchester"
"Resource Specialist Teacher","MCOE Manchester"
"School Counselor","MCOE Manchester"
"School Nurse","MCOE Manchester"
"School Psychologist","MCOE Manchester"
"Speech Therapist","MCOE Manchester"
Superintendent/Principal,"MCOE Manchester"
"Administrative Assistant","MCOE Mendocino USD"
"Business Manager","MCOE Mendocino USD"
"Head Teacher  ","MCOE Mendocino USD"
"High School Dean of Students","MCOE Mendocino USD"
"Office Aide ","MCOE Mendocino USD"
Principal,"MCOE Mendocino USD"
Psychologist,"MCOE Mendocino USD"
"School Counselor","MCOE Mendocino USD"
"School Counselor MFT/LCSW","MCOE Mendocino USD"
"School Office Assistant","MCOE Mendocino USD"
"Special Education Director","MCOE Mendocino USD"
"Special Education Teacher","MCOE Mendocino USD"
"Speech Therapist","MCOE Mendocino USD"
Superintendent,"MCOE Mendocino USD"
"Bilingual Resource Teacher","MCOE Potter Valley"
"Business Manager","MCOE Potter Valley"
"Counselor - LCSW","MCOE Potter Valley"
"District Bookkeeper","MCOE Potter Valley"
"District Secretary","MCOE Potter Valley"
"Health Technician","MCOE Potter Valley"
"Healthy Start Coordinator","MCOE Potter Valley"
Principal,"MCOE Potter Valley"
"Principal, High School","MCOE Potter Valley"
"Principal/Special Education Director","MCOE Potter Valley"
Psychologist,"MCOE Potter Valley"
Receptionist,"MCOE Potter Valley"
"Resource Specialist Teacher","MCOE Potter Valley"
"School Counselor LCSW/MFT","MCOE Potter Valley"
"School Nurse","MCOE Potter Valley"
"School Nurse (Sub.-MCOE) ","MCOE Potter Valley"
Secretary,"MCOE Potter Valley"
"Secretary II/High School","MCOE Potter Valley"
"Speech Therapist","MCOE Potter Valley"
"State Preschool Teacher","MCOE Potter Valley"
Superintendent/Principal,"MCOE Potter Valley"
"Teacher - Kindergarten, First, Second, Third Grade","MCOE Potter Valley"
"Teacher/504 Coordinator","MCOE Potter Valley"
"Administrative Assistant","MCOE Round Valley"
"Business Manager","MCOE Round Valley"
"Clinical Director","MCOE Round Valley"
"Elementary School Secretary ","MCOE Round Valley"
"Health Technician","MCOE Round Valley"
"High School Counselor","MCOE Round Valley"
"High School Secretary","MCOE Round Valley"
"Outreach Coordinator","MCOE Round Valley"
"Parent Resource Center Coordinator","MCOE Round Valley"
"Pre-School Teacher","MCOE Round Valley"
Principal,"MCOE Round Valley"
"Program Specialist/Director of Special Education","MCOE Round Valley"
"Resource Specialist","MCOE Round Valley"
"Resource Specialist/Teacher","MCOE Round Valley"
"School Counselor","MCOE Round Valley"
"School Nurse","MCOE Round Valley"
"School Psychologist","MCOE Round Valley"
"Special Day Class Teacher","MCOE Round Valley"
"Special Education Director ","MCOE Round Valley"
"Special Education Director/Principal","MCOE Round Valley"
"Special Education Director/Teacher","MCOE Round Valley"
"Special Education Teacher","MCOE Round Valley"
"Speech Technician","MCOE Round Valley"
"Speech Therapist","MCOE Round Valley"
Superintendent,"MCOE Round Valley"
Teacher,"MCOE Round Valley"
"Teacher in Charge","MCOE Round Valley"
"Accounting Assist. II/Staff Secretary ","MCOE SELPA"
"Accounting Technician II","MCOE SELPA"
"Accounting Technician III","MCOE SELPA"
"Administrative Secretary","MCOE SELPA"
"Assistant Superintendent/SELPA Director","MCOE SELPA"
"Associate Behavior Specialist","MCOE SELPA"
"Behavior Specialist","MCOE SELPA"
Coordinator,"MCOE SELPA"
"Coordinator Early Start","MCOE SELPA"
"Manager I - Behavior Specialist","MCOE SELPA"
"Manager I - State Preschool Program","MCOE SELPA"
"MIS Liaison","MCOE SELPA"
"Occupational Therapist","MCOE SELPA"
"Physical Therapist","MCOE SELPA"
"Physical Therapist (subcontract)","MCOE SELPA"
"Program Administrator","MCOE SELPA"
"Program Specialist","MCOE SELPA"
"Project Administrator - Medi-Cal Reimbursement","MCOE SELPA"
"School Counselor","MCOE SELPA"
"School Counselor LCSW/MFT(Sub.) ","MCOE SELPA"
"School Nurse","MCOE SELPA"
"School Psychologist","MCOE SELPA"
Secretary,"MCOE SELPA"
"Student Insurance Specialist","MCOE SELPA"
"Teacher - Mild to Moderate","MCOE SELPA"
"Administrative Secretary","MCOE Special Education"
"Coordinator Early Start","MCOE Special Education"
"Director of Special Education","MCOE Special Education"
"Early Start Assistant","MCOE Special Education"
"Educational Interpreter","MCOE Special Education"
"Educational Services","MCOE Special Education"
"Foster Youth Service Coordinator","MCOE Special Education"
"Instructional Paraprofessional","MCOE Special Education"
"Occupational Therapist","MCOE Special Education"
"Occupational Therapist (subcontract)","MCOE Special Education"
"Physical Therapist","MCOE Special Education"
"Physical Therapist (subcontract)","MCOE Special Education"
"Program Secretary","MCOE Special Education"
"Program Specialist","MCOE Special Education"
"School Counselor","MCOE Special Education"
"School Counselor LCSW/MFT(Sub.) ","MCOE Special Education"
"School Nurse","MCOE Special Education"
"School Psychologist","MCOE Special Education"
"Speech and Language Therapist","MCOE Special Education"
"Teacher of Deaf and Hard of Hearing","MCOE Special Education"
Teacher,"MCOE Special Education"
"Teacher - Early Start","MCOE Special Education"
"Teacher, Orthopedically Handicapped","MCOE Special Education"
"Teacher - Resource Specialist","MCOE Special Education"
"Teacher - Resource Specialist & Speech and Language Therapist","MCOE Special Education"
"Teacher of Visually Impaired","MCOE Special Education"
"Manager I - State Preschool ","MCOE State Preschool"
"Program Secretary","MCOE State Preschool"
"State Preschool Assistant Teacher","MCOE State Preschool"
"State Preschool Teacher","MCOE State Preschool"
"Accounting Coordinator","MCOE Ukiah"
"Accounting Technician III","MCOE Ukiah"
"Administrator on Special Assignment","MCOE Ukiah"
"Assistant Principal","MCOE Ukiah"
"Assistant Superintendent - Education","MCOE Ukiah"
"Assistant Superintendent - Educational Services","MCOE Ukiah"
"CARE Team Coordinator","MCOE Ukiah"
"Counselor II","MCOE Ukiah"
"Dean (Counselor)","MCOE Ukiah"
"Director of Educational Services","MCOE Ukiah"
"Director of Intervention","MCOE Ukiah"
"District Secretary","MCOE Ukiah"
"Health Assistant","MCOE Ukiah"
"Health Assistant/Medi-Cal Secretary ","MCOE Ukiah"
"Health Technician","MCOE Ukiah"
"Healthy Start On-Site Liaison","MCOE Ukiah"
"Instructional Assistant","MCOE Ukiah"
"Instructional Assistant - Bilingual","MCOE Ukiah"
"Lead Transportation","MCOE Ukiah"
"Medi-Cal Services Secretary","MCOE Ukiah"
"Occupational Therapist","MCOE Ukiah"
"Paraprofessional Counselor","MCOE Ukiah"
"Physical Therapist","MCOE Ukiah"
"Preschool Director ","MCOE Ukiah"
"Preschool Specialist","MCOE Ukiah"
Principal,"MCOE Ukiah"
"Resource Specialist Teacher","MCOE Ukiah"
"School Clerk (Medi-Cal)","MCOE Ukiah"
"School Counselor","MCOE Ukiah"
"School Counselor/School Counselor LCSW/MFT","MCOE Ukiah"
"School Nurse","MCOE Ukiah"
"School Psychologist","MCOE Ukiah"
"Secretary I","MCOE Ukiah"
"Severely Handicapped Instructional Assistant","MCOE Ukiah"
"Severely Handicapped Teacher","MCOE Ukiah"
"Special Education Administrator","MCOE Ukiah"
"Special Education Secretary","MCOE Ukiah"
"Speech Language Pathologist Assistant/Intern","MCOE Ukiah"
"Speech Therapist","MCOE Ukiah"
"State Preschool Teacher","MCOE Ukiah"
"Superintendent of Schools","MCOE Ukiah"
Teacher,"MCOE Ukiah"
Translator,"MCOE Ukiah"
"Administrative Assistant","MCOE Willits"
"Assistant Principal","MCOE Willits"
"Assistant Superintendent","MCOE Willits"
"Business Manager","MCOE Willits"
Counselor,"MCOE Willits"
"Dean - Middle School","MCOE Willits"
"Director of Transportation","MCOE Willits"
"Health Coordinator","MCOE Willits"
"Health Technician","MCOE Willits"
"Instructional Assistant","MCOE Willits"
Principal,"MCOE Willits"
"Program Specialist","MCOE Willits"
"Resource Specialist","MCOE Willits"
"Resource Teacher","MCOE Willits"
"School Counselor LCSW/MFT (Sub.) ","MCOE Willits"
"School Psychologist","MCOE Willits"
"Special Education Instructional Assistant","MCOE Willits"
"Special Education Secretary","MCOE Willits"
"Special Education Teacher","MCOE Willits"
"Speech Therapist","MCOE Willits"
"Speech Therapist/Program Specialist","MCOE Willits"
"State Preschool Specialist","MCOE Willits"
"State Preschool Teacher ","MCOE Willits"
Superintendent,"MCOE Willits"
Teacher,"MCOE Willits"
