Administrative Secretary,MCOE Anderson Valley,,,,
Bilingual Resource Specialist,MCOE Anderson Valley,,,,
Bilingual Special Education Aide,MCOE Anderson Valley,,,,
Career Center Specialist,MCOE Anderson Valley,,,,
Coordinator of Special Education,MCOE Anderson Valley,,,,
Counselor - LCSW (subcontracted),MCOE Anderson Valley,,,,
District Administrative Assistant,MCOE Anderson Valley,,,,
Preschool Associate Teacher,MCOE Anderson Valley,,,,
Preschool Specialist,MCOE Anderson Valley,,,,
School Counselor/Counselor LCSW,MCOE Anderson Valley,,,,
School Nurse,MCOE Anderson Valley,,,,
School Principal,MCOE Anderson Valley,,,,
School Psychologist,MCOE Anderson Valley,,,,
Special Day Class Teacher,MCOE Anderson Valley,,,,
Speech Therapist,MCOE Anderson Valley,,,,
Superintendent of Schools,MCOE Anderson Valley,,,,
Teacher/Grant Programs Coordinator,MCOE Anderson Valley,,,,
Dean of Students,MCOE Arena Union Elementary and High,,,,
District Secretary,MCOE Arena Union Elementary and High,,,,
Preschool Teacher/Director,MCOE Arena Union Elementary and High,,,,
Principal,MCOE Arena Union Elementary and High,,,,
School Counselor (subcontracted),MCOE Arena Union Elementary and High,,,,
School Nurse (subcontracted),MCOE Arena Union Elementary and High,,,,
School Psychologist (subcontracted),MCOE Arena Union Elementary and High,,,,
School Secretary,MCOE Arena Union Elementary and High,,,,
Senior Youth Worker ,MCOE Arena Union Elementary and High,,,,
Senior Youth Worker (South Coast),MCOE Arena Union Elementary and High,,,,
Speech Therapist,MCOE Arena Union Elementary and High,,,,
Superintendent  ,MCOE Arena Union Elementary and High,,,,
Teacher of the Severely Handicapped,MCOE Arena Union Elementary and High,,,,
Vice Principal/Teacher,MCOE Arena Union Elementary and High,,,,
Youth Project Worker,MCOE Arena Union Elementary and High,,,,
Administrative Secretary,MCOE Child Development Services,,,,
Associate Behavior Specialist,MCOE Child Development Services,,,,
Child Care Specialist,MCOE Child Development Services,,,,
Early Education Site Supervisor,MCOE Child Development Services,,,,
Family Literacy Liaison/Mentor,MCOE Child Development Services,,,,
Instructional Paraprofessional,MCOE Child Development Services,,,,
Manager III - School Readiness,MCOE Child Development Services,,,,
Program Secretary,MCOE Child Development Services,,,,
School-Readiness Parent Advocate,MCOE Child Development Services,,,,
Screening Specialist,MCOE Child Development Services,,,,
Teacher - Young Parent/Cal-SAFE Program,MCOE Child Development Services,,,,
Administrative Secretary,MCOE Court Community Schools,,,,
Assistant Principal - Alternative Education,MCOE Court Community Schools,,,,
Director - Court Community Schools,MCOE Court Community Schools,,,,
High School/Middle School Counselor,MCOE Court Community Schools,,,,
School Nurse,MCOE Court Community Schools,,,,
Student Accountability Specialist,MCOE Court Community Schools,,,,
Teacher - Alternative Education,MCOE Court Community Schools,,,,
Associate Behavior Specialist,MCOE First 5 Special Needs,,,,
Program Secretary,MCOE First 5 Special Needs,,,,
Screening Specialist,MCOE First 5 Special Needs,,,,
Account Clerk,MCOE Fort Bragg,,,,
Administrative Secretary,MCOE Fort Bragg,,,,
Assistant Principal,MCOE Fort Bragg,,,,
Bilingual Bicultural Family Advocate,MCOE Fort Bragg,,,,
Business Manager,MCOE Fort Bragg,,,,
Coordinator - State Preschool,MCOE Fort Bragg,,,,
"Coordinator, Special Education",MCOE Fort Bragg,,,,
Executive Director,MCOE Fort Bragg,,,,
Health Aide,MCOE Fort Bragg,,,,
Outreach Worker,MCOE Fort Bragg,,,,
Preschool Teacher,MCOE Fort Bragg,,,,
Principal,MCOE Fort Bragg,,,,
Program Assistant/Administrative Assistant,MCOE Fort Bragg,,,,
Psychologist,MCOE Fort Bragg,,,,
Resource Center Outreach Coordinator,MCOE Fort Bragg,,,,
Resource Specialist Teacher,MCOE Fort Bragg,,,,
School Counselor/ School Counselor MFT/LCSW,MCOE Fort Bragg,,,,
"Secretary, Special Programs",MCOE Fort Bragg,,,,
Special Day Class Teacher,MCOE Fort Bragg,,,,
Special Education Secretary,MCOE Fort Bragg,,,,
Speech Therapist,MCOE Fort Bragg,,,,
Superintendent,MCOE Fort Bragg,,,,
Transportation Director,MCOE Fort Bragg,,,,
Healthy Start Project Administrator,MCOE Healthy Start,,,,
Manager II - Region 1 Healthy Start Programs,MCOE Healthy Start,,,,
Assistant Principal,MCOE Laytonville,,,,
District Administrative Assistant,MCOE Laytonville,,,,
Health Technician,MCOE Laytonville,,,,
Healthy Start Liaison,MCOE Laytonville,,,,
Preschool Associate Teacher,MCOE Laytonville,,,,
Preschool Director/Teacher,MCOE Laytonville,,,,
Principal,MCOE Laytonville,,,,
Resource Teacher,MCOE Laytonville,,,,
School Counselor - LCSW/MFT (subcontracted),MCOE Laytonville,,,,
School Psychologist (subcontracted),MCOE Laytonville,,,,
Secretary/Registrar,MCOE Laytonville,,,,
Special Day Teacher,MCOE Laytonville,,,,
Speech Therapist,MCOE Laytonville,,,,
Superintendent of Schools,MCOE Laytonville,,,,
Teacher,MCOE Laytonville,,,,
Youth Services Consultant,MCOE Laytonville,,,,
School Counselor,MCOE Leggett,,,,
School Psychologist (sub. MCOE) ,MCOE Leggett,,,,
School Secretary II,MCOE Leggett,,,,
Special Education Director/Resource Specialist Teacher,MCOE Leggett,,,,
Speech Language Pathology Assistant,MCOE Leggett,,,,
Speech Therapist,MCOE Leggett,,,,
Superintendent,MCOE Leggett,,,,
Bilingual Instructor,MCOE Manchester,,,,
Bilingual Interpreter,MCOE Manchester,,,,
Business Manager,MCOE Manchester,,,,
Resource Specialist Teacher,MCOE Manchester,,,,
School Counselor,MCOE Manchester,,,,
School Nurse (subcontract),MCOE Manchester,,,,
School Psychologist (subcontract),MCOE Manchester,,,,
Speech Therapist (subcontract),MCOE Manchester,,,,
Superintendent/Principal,MCOE Manchester,,,,
Administrative Secretary,MCOE Mendocino USD,,,,
Head Teacher  ,MCOE Mendocino USD,,,,
Principal,MCOE Mendocino USD,,,,
School Counselor,MCOE Mendocino USD,,,,
School Counselor MFT/LCSW,MCOE Mendocino USD,,,,
School Psychologist,MCOE Mendocino USD,,,,
Special Education Director,MCOE Mendocino USD,,,,
Special Education Teacher,MCOE Mendocino USD,,,,
Speech Therapist,MCOE Mendocino USD,,,,
Superintendent,MCOE Mendocino USD,,,,
Bilingual Resource Teacher,MCOE Potter Valley,,,,
District Secretary,MCOE Potter Valley,,,,
Healthy Start Coordinator (subcontracted),MCOE Potter Valley,,,,
Preschool Teacher,MCOE Potter Valley,,,,
Principal,MCOE Potter Valley,,,,
"Principal, High School",MCOE Potter Valley,,,,
Psychologist,MCOE Potter Valley,,,,
Resource Specialist Teacher,MCOE Potter Valley,,,,
School Counselor LCSW/MFT,MCOE Potter Valley,,,,
School Nurse (subcontracted),MCOE Potter Valley,,,,
Secretary II/High School,MCOE Potter Valley,,,,
Special Education Director,MCOE Potter Valley,,,,
Speech Therapist,MCOE Potter Valley,,,,
Superintendent/Principal,MCOE Potter Valley,,,,
Teacher,MCOE Potter Valley,,,,
Administrative Assistant to the Superintendent,MCOE Round Valley,,,,
Health Technician,MCOE Round Valley,,,,
High School Counselor,MCOE Round Valley,,,,
High School Secretary,MCOE Round Valley,,,,
Pre-School Teacher,MCOE Round Valley,,,,
Principal,MCOE Round Valley,,,,
Program Specialist/Director of Special Education,MCOE Round Valley,,,,
Resource Specialist/Teacher,MCOE Round Valley,,,,
School Counselor,MCOE Round Valley,,,,
School Psychologist (subcontracted),MCOE Round Valley,,,,
Special Education Director/Teacher,MCOE Round Valley,,,,
Speech Therapist,MCOE Round Valley,,,,
Superintendent,MCOE Round Valley,,,,
Teacher,MCOE Round Valley,,,,
Administrative Secretary,MCOE SELPA,,,,
Behavior Specialist,MCOE SELPA,,,,
Manager I - Behavior Specialist,MCOE SELPA,,,,
MIS Liaison,MCOE SELPA,,,,
Occupational Therapist,MCOE SELPA,,,,
Physical Therapist (subcontract),MCOE SELPA,,,,
Program Administrator,MCOE SELPA,,,,
Program Specialist,MCOE SELPA,,,,
Project Administrator - Medi-Cal Reimbursement,MCOE SELPA,,,,
School Psychologist,MCOE SELPA,,,,
Student Insurance Specialist,MCOE SELPA,,,,
Administrative Secretary,MCOE Special Education,,,,
Director of Special Education,MCOE Special Education,,,,
Early Start Assistant,MCOE Special Education,,,,
Educational Interpreter,MCOE Special Education,,,,
Instructional Paraprofessional,MCOE Special Education,,,,
Occupational Therapist,MCOE Special Education,,,,
Occupational Therapist (subcontract),MCOE Special Education,,,,
Physical Therapist (subcontract),MCOE Special Education,,,,
Program Specialist,MCOE Special Education,,,,
School Counselor,MCOE Special Education,,,,
School Nurse,MCOE Special Education,,,,
School Psychologist,MCOE Special Education,,,,
Speech and Language Therapist,MCOE Special Education,,,,
Teacher - Early Start,MCOE Special Education,,,,
Teacher - Resource Specialist,MCOE Special Education,,,,
Teacher - Resource Specialist & Speech and Language Therapist,MCOE Special Education,,,,
Teacher - Special Education,MCOE Special Education,,,,
Teacher of Deaf and Hard of Hearing,MCOE Special Education,,,,
Teacher of Visually Impaired,MCOE Special Education,,,,
"Teacher, Orthopedically Impaired",MCOE Special Education,,,,
Manager IV - State Preschool Program,MCOE State Preschool,,,,
Program Secretary,MCOE State Preschool,,,,
State Preschool Assistant Teacher,MCOE State Preschool,,,,
State Preschool Teacher,MCOE State Preschool,,,,
Assistant Principal,MCOE Ukiah,,,,
Counselor II,MCOE Ukiah,,,,
Dean (Counselor),MCOE Ukiah,,,,
Director of Curriculum and Instruction,MCOE Ukiah,,,,
"Director of Educational Services, Intervention Programs",MCOE Ukiah,,,,
District Secretary,MCOE Ukiah,,,,
Health Assistant,MCOE Ukiah,,,,
Occupational Therapist (subcontract),MCOE Ukiah,,,,
Paraprofessional Counselor,MCOE Ukiah,,,,
Physical Therapist (subcontract),MCOE Ukiah,,,,
Preschool Director ,MCOE Ukiah,,,,
Principal,MCOE Ukiah,,,,
Resource Specialist Teacher,MCOE Ukiah,,,,
School Counselor,MCOE Ukiah,,,,
School Counselor/School Counselor LCSW/MFT,MCOE Ukiah,,,,
School Nurse,MCOE Ukiah,,,,
School Nurse (subcontract - MCOE),MCOE Ukiah,,,,
School Psychologist,MCOE Ukiah,,,,
Secretary I,MCOE Ukiah,,,,
Special Education Administrator,MCOE Ukiah,,,,
Special Education Secretary,MCOE Ukiah,,,,
Special Education Teacher,MCOE Ukiah,,,,
Speech Language Pathologist Assistant/Intern,MCOE Ukiah,,,,
Speech Therapist,MCOE Ukiah,,,,
State Preschool Teacher,MCOE Ukiah,,,,
Superintendent of Schools,MCOE Ukiah,,,,
Administrative Assistant,MCOE Willits,,,,
Assistant Principal,MCOE Willits,,,,
Counselor,MCOE Willits,,,,
Health Coordinator,MCOE Willits,,,,
Instructional Assistant,MCOE Willits,,,,
Middle School Dean,MCOE Willits,,,,
Preschool Specialist,MCOE Willits,,,,
Principal,MCOE Willits,,,,
School Counselor LCSW/MFT (Sub.) ,MCOE Willits,,,,
School Psychologist,MCOE Willits,,,,
Special Education Secretary,MCOE Willits,,,,
Special Education Teacher,MCOE Willits,,,,
Speech Therapist,MCOE Willits,,,,
Superintendent,MCOE Willits,,,,
,,,,,
,,,,,
,,,,,
,,,,,
,,,,,
,,,,,
,,,,,
,,,,,
,,,,,
,,,,,
,,,,,
,,,,,
,,,,,
,,,,,
,,,,,
,,,,,
,,,,,
,,,,,
,,,,,
,,,,,
,,,,,
,,,,,
,,,,,
,,,,,
,,,,,
,,,,,
,,,,,
,,,,,
,,,,,
,,,,,
,,,,,
,,,,,
,,,,,
,,,,,
,,,,,
,,,,,
,,,,,
,,,,,
,,,,,
,,,,,
,,,,,
,,,,,
,,,,,
,,,,,
,,,,,
,,,,,
,,,,,
,,,,,
,,,,,
,,,,,
,,,,,
,,,,,
,,,,,
,,,,,
,,,,,
,,,,,
,,,,,
,,,,,
,,,,,
,,,,,
,,,,,
,,,,,
,,,,,
,,,,,
,,,,,
,,,,,
,,,,,
,,,,,
,,,,,
,,,,,
,,,,,
,,,,,
,,,,,
,,,,,
,,,,,
,,,,,
,,,,,
,,,,,
,,,,,
,,,,,
,,,,,
,,,,,
,,,,,
,,,,,
,,,,,
,,,,,
,,,,,
,,,,,
,,,,,
,,,,,
,,,,,
,,,,,
,,,,,
,,,,,
,,,,,
,,,,,
,,,,,
,,,,,
,,,,,
,,,,,
,,,,,
,,,,,
,,,,,
,,,,,
,,,,,
,,,,,
,,,,,
,,,,,
,,,,,
,,,,,
,,,,,
,,,,,
,,,,,
,,,,,
,,,,,
,,,,,
,,,,,
,,,,,
,,,,,
,,,,,
,,,,,
,,,,,
,,,,,
,,,,,
,,,,,
,,,,,
,,,,,
,,,,,
,,,,,
,,,,,
,,,,,
,,,,,
,,,,,
,,,,,
,,,,,
,,,,,
,,,,,
,,,,,
,,,,,
,,,,,
,,,,,
,,,,,
,,,,,
,,,,,
,,,,,
,,,,,
,,,,,
,,,,,
,,,,,
,,,,,
,,,,,
,,,,,
,,,,,
,,,,,
,,,,,
,,,,,
,,,,,
,,,,,
,,,,,
,,,,,
,,,,,
,,,,,
,,,,,
,,,,,
,,,,,
,,,,,
,,,,,
,,,,,
,,,,,
,,,,,
,,,,,
,,,,,
,,,,,
,,,,,
,,,,,
,,,,,
,,,,,
,,,,,
,,,,,
,,,,,
,,,,,
,,,,,
,,,,,
,,,,,
,,,,,
,,,,,
,,,,,
,,,,,
,,,,,
,,,,,
,,,,,
,,,,,
,,,,,
,,,,,
,,,,,
,,,,,
,,,,,
,,,,,
,,,,,
,,,,,
,,,,,
,,,,,
,,,,,
,,,,,
,,,,,
,,,,,
,,,,,
,,,,,
,,,,,
,,,,,
,,,,,
,,,,,
,,,,,
,,,,,
,,,,,
,,,,,
,,,,,
,,,,,
,,,,,
,,,,,
,,,,,
,,,,,
,,,,,
,,,,,
,,,,,
,,,,,
,,,,,
,,,,,
,,,,,
,,,,,
,,,,,
,,,,,
,,,,,
,,,,,
,,,,,
,,,,,
,,,,,
,,,,,
,,,,,
,,,,,
,,,,,
,,,,,
,,,,,
,,,,,
,,,,,
,,,,,
,,,,,
,,,,,
,,,,,
,,,,,
,,,,,
,,,,,
,,,,,
,,,,,
,,,,,
,,,,,
,,,,,
,,,,,
,,,,,
,,,,,
,,,,,
,,,,,
,,,,,
,,,,,
,,,,,
,,,,,
,,,,,
,,,,,
,,,,,
,,,,,
,,,,,
,,,,,
,,,,,
,,,,,
,,,,,
,,,,,
,,,,,
,,,,,
,,,,,
,,,,,
,,,,,
,,,,,
,,,,,
,,,,,
,,,,,
,,,,,
,,,,,
,,,,,
,,,,,
,,,,,
,,,,,
,,,,,
,,,,,
,,,,,
,,,,,
,,,,,
,,,,,
,,,,,
,,,,,
,,,,,
,,,,,
,,,,,
,,,,,
,,,,,
,,,,,
,,,,,
,,,,,
,,,,,
,,,,,
,,,,,
,,,,,
,,,,,
,,,,,
,,,,,
,,,,,
,,,,,
,,,,,
,,,,,
,,,,,
,,,,,
,,,,,
,,,,,
,,,,,
,,,,,
,,,,,
,,,,,
,,,,,
,,,,,
,,,,,
,,,,,
,,,,,
,,,,,
,,,,,
,,,,,
,,,,,
,,,,,
,,,,,
,,,,,
,,,,,
,,,,,
,,,,,
,,,,,
,,,,,
,,,,,
,,,,,
,,,,,
,,,,,
,,,,,
,,,,,
,,,,,
,,,,,
,,,,,
,,,,,
,,,,,
,,,,,
,,,,,
,,,,,
,,,,,
,,,,,
,,,,,
,,,,,
,,,,,
,,,,,
,,,,,
,,,,,
,,,,,
,,,,,
,,,,,
,,,,,
,,,,,
,,,,,
,,,,,
,,,,,
,,,,,
,,,,,
,,,,,
,,,,,
,,,,,
,,,,,
,,,,,
,,,,,
,,,,,
,,,,,
,,,,,
,,,,,
,,,,,
,,,,,
,,,,,
,,,,,
,,,,,
,,,,,
,,,,,
,,,,,
,,,,,
,,,,,
,,,,,
,,,,,
,,,,,
,,,,,
,,,,,
,,,,,
,,,,,
,,,,,
,,,,,
,,,,,
,,,,,
,,,,,
,,,,,
,,,,,
,,,,,
,,,,,
,,,,,
,,,,,
,,,,,
,,,,,
,,,,,
,,,,,
,,,,,
,,,,,
,,,,,
,,,,,
,,,,,
,,,,,
,,,,,
,,,,,
,,,,,
,,,,,
,,,,,
,,,,,
,,,,,
,,,,,
,,,,,
,,,,,
,,,,,
,,,,,
,,,,,
,,,,,
,,,,,
,,,,,
,,,,,
,,,,,
,,,,,
,,,,,
,,,,,
,,,,,
,,,,,
,,,,,
,,,,,
,,,,,
,,,,,
,,,,,
,,,,,
,,,,,
,,,,,
,,,,,
,,,,,
,,,,,
,,,,,
,,,,,
,,,,,
,,,,,
,,,,,
,,,,,
,,,,,
,,,,,
,,,,,
,,,,,
,,,,,
,,,,,
,,,,,
,,,,,
,,,,,
,,,,,
,,,,,
,,,,,
,,,,,
,,,,,
,,,,,
,,,,,
,,,,,
,,,,,
,,,,,
,,,,,
,,,,,
,,,,,
,,,,,
,,,,,
,,,,,
,,,,,
,,,,,
,,,,,
,,,,,
,,,,,
,,,,,
,,,,,
,,,,,
,,,,,
,,,,,
,,,,,
,,,,,
,,,,,
,,,,,
,,,,,
,,,,,
,,,,,
,,,,,
,,,,,
,,,,,
,,,,,
Bilingual/Special Project Coordinator ,MCOE Anderson Valley,,,,
Kindergarten Teacher/Special Ed. Coordinator ,MCOE Anderson Valley,,,,
Resource Teacher,MCOE Anderson Valley,,,,
School Nurse (Sub. AVHC) ,MCOE Anderson Valley,,,,
Paraeducator / Outreach Worker ,MCOE Arena Union Elementary and High,,,,
Preschool Director,MCOE Arena Union Elementary and High,,,,
Special Education Teacher,MCOE Arena Union Elementary and High,,,,
Director I - Child Development & Family Literacy ,MCOE Child Development Services,,,,
Healthy Start Coordinator,MCOE Laytonville,,,,
Instructional Aide,MCOE Laytonville,,,,
Instructional Assistant,MCOE Laytonville,,,,
Preschool Coordinator,MCOE Leggett,,,,
Principal,MCOE Manchester,,,,
Elementary School Secretary ,MCOE Round Valley,,,,
Special Education Teacher,MCOE Round Valley,,,,
Foster Youth Service Coordinator,MCOE Special Education,,,,
Assistant Superintendent,MCOE Willits,,,,
Resource Specialist,MCOE Willits,,,,
Resource Teacher,MCOE Willits,,,,
State Preschool Teacher ,MCOE Willits,,,,
Teacher,MCOE Willits,,,,
